Store_Name,Latitude,Longitude,Chain,Source
Carrefour,-4.290829,39.585272,Carrefour,OSM_Overpass
Carrefour,-4.037893,39.706724,Carrefour,OSM_Overpass
Carrefour,-4.020321,39.720707,Carrefour,OSM_Overpass
Carrefour,-1.320901,36.704312,Carrefour,OSM_Overpass
Carrefour,-1.30218,36.825608,Carrefour,OSM_Overpass
Carrefour,-1.29841,36.763384,Carrefour,OSM_Overpass
Carrefour,-1.29504,36.809599,Carrefour,OSM_Overpass
Carrefour,-1.281659,36.816937,Carrefour,OSM_Overpass
Carrefour,-1.260903,36.801831,Carrefour,OSM_Overpass
Carrefour,-1.256661,36.802824,Carrefour,OSM_Overpass
Carrefour,-1.227898,36.805563,Carrefour,OSM_Overpass
Carrefour,-1.220083,36.889074,Carrefour,OSM_Overpass
Carrefour,-1.211195,36.794864,Carrefour,OSM_Overpass
Carrefour,-0.104131,34.752721,Carrefour,OSM_Overpass
Carrefour,-0.098326,34.762576,Carrefour,OSM_Overpass
chandarana food plus,-4.307484,39.57747,Chandarana,OSM_Overpass
Chandarana Foodplus,-4.049547,39.686006,Chandarana,OSM_Overpass
chandarana food plus,-4.023782,39.624654,Chandarana,OSM_Overpass
Chandarana Super Market,-1.440038,36.982208,Chandarana,OSM_Overpass
Chandarana Food Plus Supermarkets Ltd.,-1.323348,36.706845,Chandarana,OSM_Overpass
Foodplus Chandarana Adlife,-1.294451,36.787231,Chandarana,OSM_Overpass
Chandarana Supermarket,-1.293289,36.787608,Chandarana,OSM_Overpass
Chandarana Foodplus Supermarket (Lavington Branch),-1.280214,36.770424,Chandarana,OSM_Overpass
Chandarana Supermarket,-1.274198,36.819074,Chandarana,OSM_Overpass
Chandarana Foodplus Riverside Square,-1.268932,36.789378,Chandarana,OSM_Overpass
Chandarana market,-1.264431,36.78771,Chandarana,OSM_Overpass
Chandarana Supermarket,-1.261113,36.839233,Chandarana,OSM_Overpass
HassConsult Ltd;Chandarana Food Plus Supermarkets Ltd.,-1.259828,36.777299,Chandarana,OSM_Overpass
Chandarana Food Plus Supermarket Ltd.,-1.259385,36.817866,Chandarana,OSM_Overpass
Chandarana Food Plus Supermarket Ltd.,-1.258356,36.818457,Chandarana,OSM_Overpass
Chandarana,-1.22484,36.790807,Chandarana,OSM_Overpass
Chandarana FoodPlus Roslyn Riviera,-1.215895,36.799616,Chandarana,OSM_Overpass
Chandarana FoodPlus,-0.106897,34.752068,Chandarana,OSM_Overpass
Choppies Supermarket Kiambu,-1.164998,36.824321,Choppies,OSM_Overpass
Choppies Supermarket,-0.67515,34.773462,Choppies,OSM_Overpass
Choppies,-0.367365,35.283821,Choppies,OSM_Overpass
Choppies,-0.116943,34.787562,Choppies,OSM_Overpass
Cleanshelf Supermarket,-1.461783,37.011732,Cleanshelf,OSM_Overpass
Cleanshelf,-1.396785,36.753022,Cleanshelf,OSM_Overpass
Cleanshelf Supermarket,-1.32415,36.78283,Cleanshelf,OSM_Overpass
Cleanshelf Supermarket,-1.296389,36.840371,Cleanshelf,OSM_Overpass
Cleanshelf,-1.281021,36.905873,Cleanshelf,OSM_Overpass
Cleanshelf Supermarket,-1.267391,36.905203,Cleanshelf,OSM_Overpass
Cleanshelf Supermarket,-1.207333,36.785803,Cleanshelf,OSM_Overpass
Cleanshelf Supermarket,-1.197492,36.927048,Cleanshelf,OSM_Overpass
Cleanshelf Kahawa West,-1.18382,36.901343,Cleanshelf,OSM_Overpass
Cleanshelf Supermarkets,-1.170136,36.827328,Cleanshelf,OSM_Overpass
Cleanshelf supermarket,-1.108941,36.643337,Cleanshelf,OSM_Overpass
Cleanshelf Supermarket,0.034628,36.364739,Cleanshelf,OSM_Overpass
EastMatt Kajiado,-1.841598,36.785323,Eastmatt,OSM_Overpass
EastMatt Supermarket,-1.475668,36.959105,Eastmatt,OSM_Overpass
Eastmatt,-1.28224,36.823739,Eastmatt,OSM_Overpass
Eastmatt,-1.281165,36.824975,Eastmatt,OSM_Overpass
Eastmatt,-1.266918,37.318247,Eastmatt,OSM_Overpass
Eastmatt,-0.49907,36.323311,Eastmatt,OSM_Overpass
Jaza supermarket,-1.274984,36.794758,Jaza,OSM_Overpass
Jaza,-1.229345,36.760692,Jaza,OSM_Overpass
Magunas Utawala,-1.279245,36.965925,Magunas,OSM_Overpass
Magunas Supermarket,-1.257242,36.924425,Magunas,OSM_Overpass
Magunas Supermarket Kahawa Wendani,-1.196411,36.924343,Magunas,OSM_Overpass
Magunas Shopping Mall,-0.665026,37.207679,Magunas,OSM_Overpass
Magunas Supermarket,0.058548,37.643658,Magunas,OSM_Overpass
The Gate Mall Outlets -Naivas Ukunda,-4.281285,39.566279,Naivas,OSM_Overpass
Naivas Likoni Mall,-4.074737,39.665624,Naivas,OSM_Overpass
Naivas Mwembe Tayari,-4.057078,39.669983,Naivas,OSM_Overpass
Naivas,-4.042917,39.682598,Naivas,OSM_Overpass
Naivas,-4.042895,39.644924,Naivas,OSM_Overpass
Naivas,-4.021555,39.719369,Naivas,OSM_Overpass
Naivas Bamburi,-4.002547,39.701895,Naivas,OSM_Overpass
Naivas The Hub,-3.999223,39.701814,Naivas,OSM_Overpass
Naivas,-3.63212,39.847606,Naivas,OSM_Overpass
Naivas Supermarket,-1.521629,37.264437,Naivas,OSM_Overpass
Naivas Supermarket - Kitengela,-1.478849,36.958133,Naivas,OSM_Overpass
naivas,-1.397471,36.759585,Naivas,OSM_Overpass
Naivas Supermarket,-1.396461,36.761589,Naivas,OSM_Overpass
Naivas Supermarket,-1.361958,36.655142,Naivas,OSM_Overpass
Naivas Food Market,-1.357977,36.908198,Naivas,OSM_Overpass
Naivas Supermarket,-1.342422,36.666215,Naivas,OSM_Overpass
Naivas,-1.330251,36.71467,Naivas,OSM_Overpass
Naivas Freedom Heights Mall,-1.322008,36.802136,Naivas,OSM_Overpass
Naivas South C,-1.321942,36.827146,Naivas,OSM_Overpass
Naivas Embakassi,-1.316929,36.917683,Naivas,OSM_Overpass
Naivas Supermarket,-1.316438,36.83496,Naivas,OSM_Overpass
Naivas Supermarket Fedha,-1.308633,36.902468,Naivas,OSM_Overpass
Naivas supermarket,-1.308347,36.822786,Naivas,OSM_Overpass
Naivas Supermarket Greenhouse,-1.300402,36.781746,Naivas,OSM_Overpass
Naivas Eastgate,-1.295832,36.887312,Naivas,OSM_Overpass
Naivas Supermarket Buruburu,-1.294317,36.875717,Naivas,OSM_Overpass
Naivas Food Market,-1.292565,36.785637,Naivas,OSM_Overpass
Naivas,-1.292341,36.881578,Naivas,OSM_Overpass
Naivas,-1.291106,36.788286,Naivas,OSM_Overpass
NAIVAS Greenspan,-1.288682,36.901153,Naivas,OSM_Overpass
Naivas Development House Moi Avenue,-1.288263,36.827349,Naivas,OSM_Overpass
Naivas Ronald Ngala,-1.285569,36.827898,Naivas,OSM_Overpass
Naivas,-1.283178,36.819936,Naivas,OSM_Overpass
Naivas,-1.283164,36.736989,Naivas,OSM_Overpass
Naivas,-1.282469,36.815984,Naivas,OSM_Overpass
Naivas Lifestyle,-1.281453,36.818153,Naivas,OSM_Overpass
Naivas,-1.265572,36.740908,Naivas,OSM_Overpass
Naivas,-1.264799,36.802732,Naivas,OSM_Overpass
Naivas,-1.258333,36.916674,Naivas,OSM_Overpass
Naivas Ruaraka,-1.247635,36.872622,Naivas,OSM_Overpass
Naivas Supermarket,-1.232685,36.873478,Naivas,OSM_Overpass
Naivas Food Market,-1.225678,36.838391,Naivas,OSM_Overpass
Naivas,-1.206207,36.913959,Naivas,OSM_Overpass
"Naivas Supermarket, Githurai Branch.",-1.205466,36.917757,Naivas,OSM_Overpass
Naivas Kahawa Sukari,-1.188996,36.932007,Naivas,OSM_Overpass
Naivas Supermarket Rironi,-1.168197,36.640098,Naivas,OSM_Overpass
Naivas Supermarket Spur Mall,-1.137212,36.969901,Naivas,OSM_Overpass
Naivas,-1.130159,36.76527,Naivas,OSM_Overpass
Naivas Supermarket,-1.107855,36.640668,Naivas,OSM_Overpass
Naivas Supermarket,-1.088664,35.869426,Naivas,OSM_Overpass
Naivas Supermarket,-1.057482,36.77649,Naivas,OSM_Overpass
Naivas,-1.05558,37.114127,Naivas,OSM_Overpass
Naivas Supermarket,-1.03632,37.072468,Naivas,OSM_Overpass
Naivas,-0.75496,36.471412,Naivas,OSM_Overpass
Buffalo Mall Naivasha,-0.704208,36.429793,Naivas,OSM_Overpass
Naivas,-0.537806,37.45338,Naivas,OSM_Overpass
Naivas,-0.536685,37.450572,Naivas,OSM_Overpass
Naivas Supermarket Nyeri,-0.424875,36.955343,Naivas,OSM_Overpass
Naivas,-0.287952,36.075256,Naivas,OSM_Overpass
Naivas Food market,-0.287423,36.064042,Naivas,OSM_Overpass
Naivas Supermarket,-0.283751,36.073652,Naivas,OSM_Overpass
Naivas Supercentre,-0.282674,36.089133,Naivas,OSM_Overpass
naivas foodmarket,-0.107036,34.769478,Naivas,OSM_Overpass
NAIVAS FOODMARKET,-0.099303,34.76208,Naivas,OSM_Overpass
Naivas,0.286027,34.755872,Naivas,OSM_Overpass
Naivas Supermarket,0.514352,35.277524,Naivas,OSM_Overpass
Naivas Sokoni,0.517248,35.272731,Naivas,OSM_Overpass
Naivas Supermarket (Zion),0.51764,35.27803,Naivas,OSM_Overpass
Naivas Supermarket - Bungoma,0.560704,34.560665,Naivas,OSM_Overpass
QuickMart,-4.058477,39.664413,Quickmart,OSM_Overpass
QuickMart,-4.03292,39.710314,Quickmart,OSM_Overpass
QuickMart Mtwapa Express,-3.948329,39.745493,Quickmart,OSM_Overpass
QuickMart Mtwapa,-3.939754,39.744066,Quickmart,OSM_Overpass
QuickMart,-1.521448,37.267469,Quickmart,OSM_Overpass
Quickmart,-1.505501,36.953872,Quickmart,OSM_Overpass
QuickMart,-1.47813,36.958342,Quickmart,OSM_Overpass
Quick Mart Supermarket,-1.398594,36.943055,Quickmart,OSM_Overpass
Quickmart Rongai Express,-1.395088,36.763975,Quickmart,OSM_Overpass
Quickmart Rongai Main,-1.392261,36.765827,Quickmart,OSM_Overpass
QuickMart,-1.313753,36.894902,Quickmart,OSM_Overpass
QuickMart Embakasi,-1.313675,36.91505,Quickmart,OSM_Overpass
QuickMart,-1.312251,36.816934,Quickmart,OSM_Overpass
QuickMart,-1.298157,36.783195,Quickmart,OSM_Overpass
QuickMart,-1.29302,36.792853,Quickmart,OSM_Overpass
QuickMart,-1.289936,36.773464,Quickmart,OSM_Overpass
QuickMart Pioneer,-1.288442,36.826788,Quickmart,OSM_Overpass
Quickmart BuruBuru,-1.288081,36.881064,Quickmart,OSM_Overpass
QuickMart,-1.284911,36.831377,Quickmart,OSM_Overpass
QuickMart,-1.283686,36.825321,Quickmart,OSM_Overpass
Quickmart Utawala,-1.282811,36.959518,Quickmart,OSM_Overpass
Quickmart Kikuyu,-1.279699,36.712348,Quickmart,OSM_Overpass
Quickmart Utawala Express,-1.278863,36.966949,Quickmart,OSM_Overpass
QuickMart,-1.277893,36.883571,Quickmart,OSM_Overpass
Quickmart,-1.270894,36.996877,Quickmart,OSM_Overpass
QuickMart,-1.264018,36.802103,Quickmart,OSM_Overpass
QuickMart,-1.263631,36.763433,Quickmart,OSM_Overpass
QuickMart,-1.214819,36.892141,Quickmart,OSM_Overpass
Quickmart Ruaka,-1.206962,36.783358,Quickmart,OSM_Overpass
QuickMart Thindigua,-1.202319,36.833127,Quickmart,OSM_Overpass
QuickMart Kahawa Sukari,-1.189367,36.932323,Quickmart,OSM_Overpass
QuickMart,-1.183461,36.901599,Quickmart,OSM_Overpass
Quick Mart Eastern Bypass,-1.167334,36.963766,Quickmart,OSM_Overpass
Quick Mart Ruiru,-1.149202,36.952937,Quickmart,OSM_Overpass
QuickMart,-1.091939,35.869956,Quickmart,OSM_Overpass
QuickMart,-0.117206,34.75919,Quickmart,OSM_Overpass
QuickMart,-0.102495,34.752346,Quickmart,OSM_Overpass
QuickMart,-0.102487,34.757163,Quickmart,OSM_Overpass
Quickmart- Kondele,-0.083554,34.775473,Quickmart,OSM_Overpass
QuickMart,0.010765,37.075545,Quickmart,OSM_Overpass
QuickMart,0.282927,34.754836,Quickmart,OSM_Overpass
QuickMart,0.520042,35.269343,Quickmart,OSM_Overpass
Tuskys Digo,-4.060416,39.672338,Tuskys,OSM_Overpass
Tuskys,-3.20873,40.11669,Tuskys,OSM_Overpass
Tuskys,-1.447269,36.972256,Tuskys,OSM_Overpass
Tuskys Supermarket (Chap Chap Ongata),-1.396322,36.741004,Tuskys,OSM_Overpass
Tuskys Shopping Center,-1.396154,36.753571,Tuskys,OSM_Overpass
Tuskys Supermarket (Chap Chap Matasia),-1.383046,36.67659,Tuskys,OSM_Overpass
Tuskys Milele Mall,-1.358343,36.657401,Tuskys,OSM_Overpass
Tuskys Supermarket (Chap Chap Libra),-1.33161,36.866623,Tuskys,OSM_Overpass
Tuskys;Turskys,-1.300663,36.779892,Tuskys,OSM_Overpass
Tuskys Supermarket,-1.292679,36.821881,Tuskys,OSM_Overpass
Tuskys Supermarket Jogoo Road,-1.292159,36.840492,Tuskys,OSM_Overpass
Tuskys Supermarket,-1.284855,36.819782,Tuskys,OSM_Overpass
Tuskys,-1.283354,36.828365,Tuskys,OSM_Overpass
Tuskys Agakhan,-1.262705,36.824075,Tuskys,OSM_Overpass
Tuskys Supermarket,-1.26056,36.709808,Tuskys,OSM_Overpass
Tuskys,-1.249632,36.861354,Tuskys,OSM_Overpass
Tuskys,-1.091252,35.871555,Tuskys,OSM_Overpass
Tuskys Oltalet Mall,-1.089779,35.875745,Tuskys,OSM_Overpass
Tuskys Supermarket (Chania),-1.041253,37.072155,Tuskys,OSM_Overpass
Tuskys  (Chap Chap Thika),-1.035521,37.075674,Tuskys,OSM_Overpass
Tuskys Supermarket,-0.369961,35.282749,Tuskys,OSM_Overpass
Tuskys Supermarket,-0.289458,36.050892,Tuskys,OSM_Overpass
Tuskys Meru,0.045424,37.652259,Tuskys,OSM_Overpass
Tuskys,1.017231,35.001482,Tuskys,OSM_Overpass
Zucchini The Hub Karen,-1.320223,36.704117,Zucchini,OSM_Overpass
Zucchini,-1.298161,36.763423,Zucchini,OSM_Overpass
Zucchini,-1.290905,36.770278,Zucchini,OSM_Overpass
Zucchini Greengrocers Limited - ABC Place,-1.259794,36.77753,Zucchini,OSM_Overpass
Zucchini GreenGrocers,-1.255985,36.806007,Zucchini,OSM_Overpass
