Product,Category,Supplier,Unit_Price,Margin_Pct,Avg_Daily_Sales,Recommended_Qty,Capital_Required,Rank_Small,Cumulative_Capital_Small,In_Small_Budget,Rank_Med,Cumulative_Capital_Med,In_Med_Budget,Rank_Large,Cumulative_Capital_Large,In_Large_Budget
BROOKSIDE 500ML DAIRY BEST (POUCH),unknown,BROOKSIDE DAIRY LIMITED,54.689444081608784,-7.88,373.2625,1867.0,102105.1921003636,500.0,5273722.001532557,False,1.0,102105.1921003636,True,1.0,102105.1921003636,True
LATO 500ML FINO UHT MILK 180DAYS,unknown,Unknown,50.21335158150852,10.24,13.3625,141.0,7080.082572992701,150.0,1958352.35211989,False,2.0,109185.2746733563,True,258.0,4478515.513944536,True
VP 125G BLUEBERRIES,unknown,Unknown,405.0139049826188,13.14,5.0475,53.0,21465.736964078795,281.0,3190882.7306149174,False,3.0,130651.01163743509,True,76.0,2674392.0530486545,True
DAIMA 200ML MILK FINO BORA,unknown,Unknown,24.977979894686452,9.05,2.7325,29.0,724.3614169459071,443.0,4579845.278869984,False,4.0,131375.373054381,True,478.0,5258297.014112723,True
DAIMA 200ML WHOLE MILK FINO TETRA 180DAYS,unknown,Unknown,25.612732095490717,6.37,4.98,53.0,1357.474801061008,423.0,4451873.726104316,False,5.0,132732.847855442,True,473.0,5253537.454083461,True
MACCOFFEE 15G WHITE 3 IN 1 COFFEE,unknown,Unknown,19.90335417851052,5.82,3.4775,37.0,736.4241046048892,448.0,4598328.358403484,False,6.0,133469.2719600469,True,492.0,5269481.310044189,True
HIGHLANDS 500ML MINERAL WATER,unknown,Unknown,25.00042471862391,22.24,8.875,94.0,2350.0399235506475,87.0,1234822.3797925166,False,7.0,135819.31188359755,True,421.0,5166971.449932551,True
MCVITIES 200G DARK CHOCO DIGESTIVE,unknown,Unknown,231.8525688756515,11.05,4.4025,47.0,10897.070737155622,362.0,3877403.975752806,False,8.0,146716.38262075317,True,268.0,4555844.07164318,True
JIAN 30 PACK YELLOW YOLK EGGS,unknown,Unknown,491.37445753254804,18.59,3.3825,36.0,17689.48047117173,293.0,3283280.0315580545,False,9.0,164405.8630919249,True,104.0,3156050.03507369,True
ILARA FRESH MILK 500ML SATCHET,unknown,BROOKSIDE DAIRY LIMITED,56.22237605925135,-3.16,110.61,554.0,31147.19633682525,499.0,5171616.809432194,False,10.0,195553.05942875016,True,11.0,773532.1775524616,True
TENA 200S SERVIETTES WHITE,unknown,Unknown,200.0076923076923,21.56,2.4075,26.0,5200.2,336.0,3651656.5780102084,False,11.0,200753.25942875017,True,313.0,4784348.848133519,True
TUZO 500ML WHOLE MILK (FINO PACK) 180DAYS,unknown,Unknown,51.1244165274016,-13.45,28.48,300.0,15337.32495822048,498.0,5140469.613095368,False,12.0,216090.58438697064,True,90.0,2922691.5048013725,True
CFB STANDARD WHITE BREAD 800G,unknown,Unknown,107.831123517097,46.6,4.69,50.0,5391.55617585485,74.0,1088996.3440441655,False,13.0,221482.1405628255,True,389.0,5084889.20780442,True
CFB MANDAZI 80G,unknown,Unknown,29.064405921801846,66.74,16.4225,173.0,5028.14222447172,3.0,15160.90596306647,True,14.0,226510.2827872972,True,334.0,4874721.0134024955,True
CHANDARANA FOODPLUS CARRIER BAG GREEN/WHITE,unknown,Unknown,40.00096671730424,41.99,17.495,184.0,7360.17787598398,6.0,42095.29825020472,True,15.0,233870.4606632812,True,64.0,2406895.207986904,True
RAVINE GOLD 500ML ESL UHT MILK,unknown,Unknown,47.01414289197756,11.15,7.7825,82.0,3855.1597171421604,212.0,2615553.258461539,False,16.0,237725.62038042338,True,363.0,4993673.673306037,True
NUTRAMEAL 1KG SUGAR,unknown,Unknown,172.33604206500956,8.47,12.4825,132.0,22748.357552581263,179.0,2319073.0790644367,False,17.0,260473.97793300464,True,74.0,2630057.185253593,True
KENCHIC CAPON 1.6-1.8 PKG PLU86538,unknown,Unknown,467.87167664873857,10.23,4.3544,46.0,21522.097125841974,379.0,4036778.8679879946,False,18.0,281996.0750588466,True,69.0,2518894.3679486685,True
V22 BAG 10 X 15 X 22 30G,unknown,Unknown,10.002423134980535,28.01,48.2075,507.0,5071.228529435131,2.0,10132.763738594751,True,19.0,287067.30358828173,True,319.0,4811988.710248906,True
CFB STANDARD WHITE BREAD 400G,unknown,Unknown,54.89482929676101,45.89,10.3725,109.0,5983.53639334695,21.0,373588.78886003926,False,20.0,293050.8399816287,True,367.0,5009424.5257807225,True
FRESH KENCHIC BMINCE LEAN PLU 86777,unknown,Unknown,821.1296088223583,15.7,3.5964,38.0,31202.925135249614,326.0,3590293.6587630264,False,21.0,324253.7651168783,True,42.0,1926185.4563414322,True
V25 CARRIER BAG,unknown,Unknown,20.00227313246568,21.7,43.43,457.0,9141.038821536817,4.0,24301.944784603285,True,22.0,333394.80393841513,True,196.0,4063899.9456621124,True
CFB WHITE BAGUETTE,unknown,Unknown,109.23949839228297,78.19,3.63,39.0,4260.340437299035,47.0,753219.4562851673,False,23.0,337655.1443757142,True,378.0,5048733.496461419,True
CFB PLAIN DONUT,unknown,Unknown,28.593625498007967,67.31,6.07,64.0,1829.9920318725099,25.0,409227.96333118447,False,24.0,339485.1364075867,True,453.0,5228170.552368269,True
SOKO 2KG MAIZE MEAL,unknown,Unknown,146.146751982195,-0.53,25.4575,268.0,39167.329531228264,487.0,5030022.81793185,False,25.0,378652.465938815,True,26.0,1403797.806910711,True
OREO 31.3G ENROBED,unknown,Unknown,63.99418121363259,28.72,3.9525,42.0,2687.755610972569,172.0,2262589.535119653,False,26.0,381340.22154978756,True,390.0,5087576.963415393,True
SANTA MARIA 70G TOMATO PASTE SATCHET,unknown,Unknown,37.36682242990654,21.34,2.34,25.0,934.1705607476636,352.0,3781419.331860261,False,27.0,382274.39211053523,True,482.0,5262297.132080608,True
PICK N PEEL 250ML RED GRAPE,unknown,Unknown,70.61047683008731,24.06,2.7275,29.0,2047.703828072532,284.0,3199533.7237491356,False,28.0,384322.09593860776,True,429.0,5184436.722283998,True
NUTRAMEAL 2KG SUGAR,unknown,Unknown,333.4630627164294,5.66,10.005,106.0,35347.08464794152,325.0,3559090.7336277766,False,29.0,419669.1805865493,True,36.0,1740526.7903427375,True
TUPIKE 2KG MAIZE MEAL FLOUR,unknown,Unknown,140.46907323002125,1.58,5.7175,61.0,8568.613467031297,467.0,4751140.401326239,False,30.0,428237.79405358055,True,188.0,3992416.396244691,True
OREO 26.25G ORIGINAL,unknown,Unknown,44.275862068965516,27.32,3.5475,38.0,1682.4827586206895,190.0,2383753.5320843984,False,31.0,429920.27681220125,True,440.0,5206664.273476579,True
CS FRESH TOMATO ITALIAN (PLU NO.276856),unknown,Unknown,110.08132877129762,15.97,44.8384,471.0,51848.30585128118,7.0,93943.6041014859,True,32.0,481768.5826634824,True,17.0,1074035.928763588,True
BROOKSIDE 500ML TR FRESH MILK,unknown,BROOKSIDE DAIRY LIMITED,64.97214025938379,3.04,56.345,282.0,18322.14355314623,36.0,499121.0570076579,False,33.0,500090.7262166286,True,31.0,1558248.4734606114,True
TUZO 500ML FRESH MILK (POUCH),unknown,Unknown,59.0000646977,3.38,60.415,635.0,37465.0410830395,82.0,1196067.486277929,False,34.0,537555.7672996682,True,33.0,1632175.1717097748,True
DAIMA 450ML ESL MAZIWA BORA,unknown,Unknown,44.751627441161745,8.14,19.7225,208.0,9308.338507761642,120.0,1701420.1353639704,False,35.0,546864.1058074298,True,197.0,4073208.284169874,True
KABARNET 300ML MINERAL WATER,unknown,Unknown,19.036250647332988,21.2,7.495,79.0,1503.8638011393061,125.0,1732458.6119363802,False,36.0,548367.969608569,True,451.0,5224802.236256345,True
KARA 65ML COCONUT  MILK CREAM,unknown,Unknown,72.6376097665453,23.4,9.5525,101.0,7336.3985864210745,69.0,996847.7715693599,False,37.0,555704.3681949901,True,256.0,4464844.0382042015,True
OLA 40G TORTILLA CHIPS LIME CRUNCH,unknown,Unknown,64.9036201222379,47.9,4.2025,45.0,2920.662905500705,83.0,1198988.1491834298,False,38.0,558625.0311004908,True,404.0,5124192.449236019,True
CS FRESH ONIONS RED (PLU NO. 276610),unknown,Unknown,143.8730965040845,17.33,31.7614,334.0,48053.61423236422,16.0,308944.8772053899,False,39.0,606678.645332855,True,20.0,1185456.2210056074,True
AQUAMIST 500ML SPARKLING WATER,unknown,AQUAMIST LIMITED,68.89719337588409,18.7,10.6575,64.0,4409.4203760565815,27.0,424593.8673753633,False,40.0,611088.0657089116,True,218.0,4227426.54540398,True
CS FRESH POTATO WHITE PER KG (PLU. 276684),unknown,Unknown,108.5596591949053,17.23,38.9155,409.0,44400.900610716264,9.0,143723.35161671424,True,41.0,655488.966319628,True,23.0,1309447.0971589715,True
AQUAMIST 500ML MINERAL WATER,unknown,AQUAMIST LIMITED,49.34721930745016,18.99,18.0075,109.0,5378.846904512067,8.0,99322.45100599797,True,42.0,660867.81322414,True,186.0,3979227.753272918,True
OREO 55.2G ORIGINAL COOKIES,unknown,Unknown,68.7140294223179,27.91,5.16,55.0,3779.271618227485,143.0,1908977.1148724374,False,43.0,664647.0848423674,True,366.0,5003440.989387375,True
CS FRESH DHANIA (PLU NO. 276152),unknown,Unknown,23.133427027976634,17.68,42.8675,451.0,10433.175589617462,5.0,34735.12037422074,True,44.0,675080.2604319849,True,163.0,3788074.3847379293,True
AQUACLEAR 500ML MINERAL WATER,unknown,Unknown,31.278971255673223,17.88,5.7325,61.0,1908.0172465960666,182.0,2328315.103135308,False,45.0,676988.277678581,True,433.0,5193294.994192452,True
AQUAMIST 300ML MINERAL WATER,unknown,AQUAMIST LIMITED,30.675970964603756,26.65,27.3375,165.0,5061.53520915962,1.0,5061.53520915962,True,46.0,682049.8128877406,True,213.0,4196130.597789523,True
BIO 2L WHOLE FRESH MILK,unknown,BIO FOOD PRODUCTS LTD,318.371698786581,10.1,31.6275,159.0,50621.100107066384,11.0,200436.20257406405,False,47.0,732670.9129948069,True,5.0,323827.9068553324,True
ZESTA 100G BI-CARBONATE OF SODA,unknown,Unknown,22.000649772579596,25.01,3.115,33.0,726.0214424951266,243.0,2875821.6548055504,False,48.0,733396.934437302,True,493.0,5270207.331486684,True
CFB WHOLEMEAL BREAD 400G,unknown,Unknown,55.026669009135624,47.1,8.1825,86.0,4732.293534785664,31.0,443344.34398355725,False,49.0,738129.2279720877,True,386.0,5074916.418471003,True
FESTIVE 400G MILKY WHITE SLICED,unknown,Unknown,65.00028956969943,10.0,32.8825,346.0,22490.100191116006,40.0,570796.7178204325,False,50.0,760619.3281632037,True,67.0,2475172.0511592487,True
KABRAS 1KG WHITE SUGAR,unknown,Unknown,167.35127104655,8.26,10.9575,116.0,19412.747441399802,202.0,2512287.1074626823,False,51.0,780032.0756046035,True,80.0,2747579.044309325,True
QUENCHER 300ML DRINKING WATER,unknown,Unknown,19.27769256418806,21.52,30.0725,316.0,6091.750850283427,10.0,149815.10246699766,True,52.0,786123.8264548869,True,284.0,4642513.751963986,True
AQUAMIST 1LTR SPARKLING WATER,unknown,AQUAMIST LIMITED,95.03242456326099,17.19,13.9075,84.0,7982.723663313923,20.0,367605.2524666923,False,53.0,794106.5501182008,True,115.0,3288463.4818444573,True
RAVINE GOLD 200ML ESL UHT MILK,unknown,Unknown,23.241984732824427,14.85,2.2725,24.0,557.8076335877863,415.0,4418994.835963457,False,54.0,794664.3577517886,True,495.0,5271395.337326974,True
MR BERRYS TOOGOODY TOFFEE BARS,unknown,Unknown,10.027095681625742,44.15,3.6125,38.0,381.0296359017782,121.0,1701801.1649998722,False,55.0,795045.3873876904,True,498.0,5272866.856820125,True
KRACKLES 45G CHIP STIX CHILLI,unknown,Unknown,60.000619578686496,25.0,3.2125,34.0,2040.0210656753409,231.0,2749450.4292559884,False,56.0,797085.4084533657,True,437.0,5201361.7907179585,True
VIMTO 300ML SPARKLING BCURRENT N RSPBRRY DRINK,unknown,Unknown,43.94480102695764,25.25,2.5975,28.0,1230.454428754814,286.0,3202552.0512366346,False,57.0,798315.8628821205,True,456.0,5232257.442041877,True
MACCOFFEE 1.6G CLASSIC,unknown,Unknown,8.068081529733137,6.92,9.2275,97.0,782.6039083841142,291.0,3259614.0054825256,False,58.0,799098.4667905046,True,489.0,5267400.171466023,True
KRAC KURLS 25G TANGY CHEESE,unknown,Unknown,39.08951965065502,23.25,5.0375,53.0,2071.744541484716,168.0,2225737.692368512,False,59.0,801170.2113319894,True,427.0,5181364.999265521,True
CADBURY 80G DAIRY MILK,unknown,Unknown,260.1846652267819,17.48,2.8475,30.0,7805.539956803456,353.0,3789224.8718170645,False,60.0,808975.7512887928,True,181.0,3933968.3176461826,True
CS FRESH SPINACH BUNCH PLU76806,unknown,Unknown,35.8385518590998,17.5,25.685,270.0,9676.409001956947,23.0,394877.43727604975,False,61.0,818652.1602907497,True,184.0,3964228.906368406,True
FRESH KENCHIC CHICKEN STEW PKG PLU86966,unknown,Unknown,497.2411053189317,13.32,4.5819,49.0,24364.814160627655,301.0,3333924.331155097,False,62.0,843016.9744513774,True,58.0,2310096.105045326,True
TENA 100S SERVIETTES WHITE,unknown,Unknown,99.62162162162163,17.52,3.285,35.0,3486.756756756757,321.0,3504753.04682896,False,63.0,846503.7312081342,True,385.0,5070184.124936217,True
CS FRESH WATER MELON (PLU NO. 276514),unknown,Unknown,85.96545717455272,17.43,35.7504,376.0,32323.011897631826,15.0,260891.2629730257,False,64.0,878826.743105766,True,43.0,1958508.468239064,True
CS FRESH WHT CABBAGE PKG PLU76103,unknown,Unknown,38.94320339526081,17.38,14.7734,156.0,6075.1397296606865,58.0,836428.3482608792,False,65.0,884901.8828354267,True,230.0,4297061.210203144,True
WHITE CAP 500ML LAGER CANS,unknown,Unknown,228.38519434178667,7.59,31.235,328.0,74910.34374410602,64.0,934274.4719963432,False,66.0,959812.2265795327,True,10.0,742384.9812156364,True
ISINYA 15S EGGS,unknown,Unknown,310.2115013808687,13.65,7.135,75.0,23265.86260356515,188.0,2381279.767888652,False,67.0,983078.0891830978,True,56.0,2273911.3861426017,True
OLA 40G TORTILLA CHIPS LIGHTLY SALTED,unknown,Unknown,61.98922155688623,53.35,3.2675,35.0,2169.622754491018,108.0,1575074.7336774007,False,68.0,985247.7119375889,True,432.0,5191386.976945856,True
TUSKER CAN 500ML BEER,unknown,Unknown,212.69767674570372,8.67,17.045,179.0,38072.88413748096,136.0,1841337.3639686152,False,69.0,1023320.5960750699,True,29.0,1521898.9257870216,True
CS FRESH TANGERINE IMPORTED (PLU NO.276850),unknown,Unknown,575.8740634977374,16.91,10.2377,108.0,62194.398857755645,109.0,1637269.1325351563,False,70.0,1085514.9949328254,True,14.0,942581.2873041984,True
CFB STANDARD WHITE BREAD 600G,unknown,Unknown,78.25979144192736,39.06,8.825,93.0,7278.160604099245,35.0,480798.91345451167,False,71.0,1092793.1555369247,True,343.0,4911861.027184417,True
FESTIVE 600G FAMILY WHITE BREAD,unknown,Unknown,100.00073455759599,10.63,28.035,295.0,29500.216694490817,45.0,743373.2366509143,False,72.0,1122293.3722314155,True,45.0,2002654.5531700277,True
FESTIVE 800G WHITE MILKY BREAD,unknown,Unknown,130.0,7.27,29.3175,308.0,40040.0,76.0,1133621.3440441655,False,73.0,1162333.3722314155,True,27.0,1443837.806910711,True
ISINYA 6S EGGS,unknown,Unknown,125.19810045985145,13.62,10.315,109.0,13646.592950123808,146.0,1930630.5089725372,False,74.0,1175979.9651815393,True,116.0,3302110.074794581,True
CS FRESH  APPLES RED (PLU NO. 76003),unknown,Unknown,498.7015818460392,17.05,2.7436,29.0,14462.345873535136,372.0,3962381.46683016,False,75.0,1190442.3110550744,True,114.0,3280480.7581811436,True
CFB WHOLEMEAL BREAD 600G,unknown,Unknown,80.14105414126927,46.32,8.22,87.0,6972.271710290426,32.0,450316.61569384765,False,76.0,1197414.5827653648,True,337.0,4888036.565190402,True
LATO 500ML ESL MILK 90DAYS,unknown,Unknown,51.489934065934065,11.58,21.38,225.0,11585.235164835165,61.0,854843.0466812402,False,77.0,1208999.8179302,True,143.0,3599476.628311941,True
GREEN FARM 30S Y/YORK EGGS,unknown,Unknown,560.1214594335094,13.04,3.805,40.0,22404.858377340373,356.0,3818328.643301968,False,78.0,1231404.6763075404,True,62.0,2388227.3935557446,True
DL 37G FILLED CHOCOLATES MINT CHOC,unknown,Unknown,69.68135919217823,24.66,11.4575,121.0,8431.444462253567,49.0,766066.6392228652,False,79.0,1239836.1207697939,True,206.0,4140305.5172647284,True
KRACKLES BANG BANG CHILLI 30G,unknown,Unknown,55.099242424242426,22.08,9.515,100.0,5509.924242424243,79.0,1154359.1740593219,False,80.0,1245346.0450122182,True,282.0,4633523.150998407,True
KABARNET 500ML SPARKLING WATER,unknown,Unknown,49.0,30.19,3.1525,34.0,1666.0,195.0,2425203.3396117897,False,81.0,1247012.0450122182,True,448.0,5220003.372455206,True
SOKO 1KG MAIZE MEAL FLOUR,unknown,Unknown,79.25156325156325,5.55,3.225,34.0,2694.5531505531508,450.0,4605642.941058779,False,82.0,1249706.5981627714,True,382.0,5060050.348722903,True
DAIMA 500ML WHOLE ESL POUCH,unknown,Unknown,48.94721646431744,7.89,23.6825,249.0,12187.856899615042,95.0,1328175.4593520793,False,83.0,1261894.4550623866,True,124.0,3387434.76072988,True
MR.BERRYS KING KUBWA XXL STRAWBERRY LOLLIPOP,unknown,Unknown,16.44843646041251,33.74,5.3225,56.0,921.1124417831005,101.0,1356975.0265934127,False,84.0,1262815.5675041697,True,481.0,5261362.961519861,True
ILARA 1LT MAZIWA LALA  PLASTIC BOTTLE,unknown,BROOKSIDE DAIRY LIMITED,167.0,3.0,2.8625,15.0,2505.0,452.0,4647376.062166045,False,85.0,1265320.5675041697,True,320.0,4814493.710248906,True
CFB KAIMATI 70G,unknown,Unknown,19.969199178644764,49.95,7.9575,84.0,1677.4127310061601,28.0,426271.28010636946,False,86.0,1266997.980235176,True,472.0,5252179.979282401,True
HEINEKEN 0.0% 330ML BEER,unknown,Unknown,235.3978048780488,15.95,4.8075,51.0,12005.288048780489,249.0,2907832.1375390477,False,87.0,1279003.2682839565,True,169.0,3836229.309430096,True
CS FRESH BANANA LARGE (PLU NO. 276052),unknown,Unknown,105.89406951493586,16.69,28.6966,302.0,31980.00899351063,19.0,359622.5288033784,False,88.0,1310983.277277467,True,39.0,1821953.4920978118,True
MENENGAI CREAM 800G SOAP,unknown,Unknown,163.86491935483872,1.06,4.175,44.0,7210.056451612903,476.0,4863122.513171104,False,89.0,1318193.33372908,True,215.0,4207360.188949239,True
BIO 1L BARISTA FRESH MILK,unknown,BIO FOOD PRODUCTS LTD,178.984375,12.99,3.3575,17.0,3042.734375,210.0,2608035.098744397,False,90.0,1321236.06810408,True,261.0,4495468.755478605,True
SWAMINARAYAN 500G FARAYALI  ATTA,unknown,Unknown,190.2579299132948,26.42,2.7525,29.0,5517.4799674855485,258.0,3010821.999155912,False,91.0,1326753.5480715656,True,164.0,3793591.864705415,True
CS FRESH BANANA BABY (PLU NO. 276051),unknown,Unknown,234.6535002366505,17.52,10.053,106.0,24873.271025084952,105.0,1498264.0739698866,False,92.0,1351626.8190966505,True,55.0,2250645.5235390365,True
NATURES 600G WHITE BREAD,unknown,Unknown,100.00098947557794,10.63,21.1,222.0,22200.219663578304,68.0,989511.3729829389,False,93.0,1373827.0387602288,True,68.0,2497372.270822827,True
HEINEKEN 330ML BTL BEER,unknown,Unknown,284.7702825888788,11.04,4.0225,43.0,12245.122151321788,380.0,4049023.9901393163,False,94.0,1386072.1609115505,True,131.0,3476724.3631026135,True
DL 70ML MINI FIESTA CARAMEL N NUTS,unknown,Unknown,69.03035060177918,23.95,3.4675,37.0,2554.1229722658295,223.0,2695488.7100136513,False,95.0,1388626.2838838163,True,414.0,5151815.735005378,True
COKE ZERO 2L PET,unknown,COCA COLA BEVERAGES KENYA LTD,165.57908847184987,9.78,5.76,29.0,4801.793565683646,173.0,2267391.3286853367,False,96.0,1393428.0774494999,True,172.0,3851499.27943154,True
RED BULL 250ML SUGAR FREE CAN,unknown,Unknown,161.5423969682615,-11.51,4.23,45.0,7269.407863571768,493.0,5076168.011930585,False,97.0,1400697.4853130716,True,254.0,4454101.54961778,True
FELIX 85G CAT CHICKEN,unknown,Unknown,190.45488257107542,24.92,4.665,49.0,9332.289245982696,169.0,2235069.9816144947,False,98.0,1410029.7745590543,True,189.0,4001748.685490674,True
KRACKLES 30G PERFECTLY SALTED,unknown,Unknown,54.55843585237258,21.09,22.76,239.0,13039.466168717046,18.0,327642.5198098678,False,99.0,1423069.2407277713,True,232.0,4317590.935416077,True
OLA 40G CHEESE CRUNCH TORTILA CHIPS,unknown,Unknown,64.42078552515446,36.49,8.285,87.0,5604.608340688438,44.0,713873.0199564234,False,100.0,1428673.8490684598,True,280.0,4622156.3124925075,True
NATURES 400G GOLD WHITE,unknown,Unknown,65.00035055738624,10.0,27.4825,289.0,18785.101311084625,51.0,789686.6449760986,False,101.0,1447458.9503795444,True,87.0,2870432.167271827,True
FESTIVE TORTILLA WRAP 8 INCH,unknown,Unknown,274.464859437751,24.95,3.765,40.0,10978.594377510039,197.0,2444199.416333009,False,102.0,1458437.5447570544,True,157.0,3743453.4688589927,True
BIC CRYSTAL BALL PEN MED BLUE,unknown,Unknown,20.40345604808415,30.16,2.395,26.0,530.4898572501878,261.0,3016462.646449204,False,103.0,1458968.0346143045,True,497.0,5272485.827184224,True
CS FRESH BABY SPINACH PLU 276675,unknown,Unknown,143.98999444135632,17.36,3.395,36.0,5183.639799888828,314.0,3457022.7101971507,False,104.0,1464151.6744141933,True,314.0,4789532.4879334085,True
CS FRESH COCONUTS (PLU NO. 276099),unknown,Unknown,97.28328328328328,17.25,3.88,41.0,3988.6146146146148,279.0,3163902.2028586925,False,105.0,1468140.2890288078,True,362.0,4989818.513588894,True
BROOKSIDE 1LT UHT WHOLE MILK,unknown,BROOKSIDE DAIRY LIMITED,155.40074349442378,1.54,31.0325,156.0,24242.51598513011,193.0,2411643.9236825863,False,106.0,1492382.8050139379,True,15.0,966823.8032893285,True
NUTFIELDS 20G CASHEW NUTS ROASTED AND SALTED,unknown,Unknown,70.0,24.59,10.845,114.0,7980.0,54.0,810948.6449760986,False,107.0,1500362.8050139379,True,236.0,4341797.784406184,True
TUZO 450ML ESL WHOLE MILK 90DAYS,unknown,Unknown,45.93996084402871,-6.66,26.0775,274.0,12587.549271263866,496.0,5109596.4794300245,False,108.0,1512950.3542852018,True,100.0,3101972.7084820108,True
MAYERS 750ML GLASS SPARKLING WATER,unknown,Unknown,99.0,24.94,3.4925,37.0,3663.0,211.0,2611698.098744397,False,109.0,1516613.3542852018,True,380.0,5055776.536709097,True
CFB MULTI CEREAL BREAD,unknown,Unknown,208.1475338280227,45.32,5.1325,54.0,11239.966826713226,66.0,950603.5453571473,False,110.0,1527853.321111915,True,183.0,3954552.497366449,True
MAGGI 4G 28S CUBE FORTIFIED,unknown,Unknown,106.09458993797381,24.66,10.7875,114.0,12094.783252929014,56.0,826333.6738231151,False,111.0,1539948.104364844,True,136.0,3526898.232744932,True
CS FRESH KALES (PLU NO.276811),unknown,Unknown,35.83877840909091,17.53,13.4675,142.0,5089.106534090909,65.0,939363.5785304342,False,112.0,1545037.2108989349,True,318.0,4806917.481719471,True
BIO 200ML GREEK STYLE NATURE PLAIN YOGHURT,unknown,BIO FOOD PRODUCTS LTD,172.86766410283425,17.16,18.515,93.0,16076.692761563585,14.0,228568.25107539387,False,113.0,1561113.9036604986,True,38.0,1789973.4831043012,True
MELVINS 20G 4IN1 INST. TANGAWIZI TEA STICKS,unknown,Unknown,29.727554179566564,22.39,2.26,24.0,713.4613003095975,346.0,3738357.7261392684,False,114.0,1561827.364960808,True,488.0,5266617.5675576385,True
FRESHA MAISHA 500ML LONG LIFE MILK,unknown,Unknown,55.45381132998899,5.31,15.5675,164.0,9094.425058118193,227.0,2728699.6243813867,False,115.0,1570921.7900189264,True,194.0,4045969.739840975,True
COKE PET 350ML,unknown,COCA COLA BEVERAGES KENYA LTD,48.60426671592168,15.88,20.065,101.0,4909.03093830809,13.0,212491.5583138303,False,116.0,1575830.8209572344,True,165.0,3798500.895643723,True
FRESH KENCHIC CHICKEN THIGH BONE OFF PLU86745,unknown,Unknown,997.4619413176208,20.0,3.4353,37.0,36906.09182875197,275.0,3131709.469995501,False,117.0,1612736.9127859864,True,34.0,1669081.2635385268,True
KNORR 51G 6S BEEF CHILLI CUBES,unknown,Unknown,94.24086021505376,19.45,2.705,29.0,2732.984946236559,335.0,3646456.3780102083,False,118.0,1615469.897732223,True,415.0,5154548.719951615,True
CFB MAHAMRI,unknown,Unknown,24.9639819909955,45.69,4.4825,48.0,1198.2711355677839,81.0,1158602.4451948896,False,119.0,1616668.1688677906,True,480.0,5260441.849078078,True
HANAN FLUSHABLE WATER WIPES 72PCS,unknown,Unknown,179.21210061182867,17.22,2.66,28.0,5017.938817131203,375.0,3975221.8944247286,False,120.0,1621686.1076849217,True,308.0,4758498.104068696,True
STREPSILS REGULAR 2S,unknown,Unknown,45.0,24.95,2.8525,30.0,1350.0,266.0,3064661.320909632,False,121.0,1623036.1076849217,True,458.0,5234969.036414678,True
ANGEL 10G INSTANT DRY YEAST,unknown,Unknown,24.727544910179642,32.58,2.9775,32.0,791.2814371257485,189.0,2382071.0493257777,False,122.0,1623827.3891220475,True,485.0,5264367.460416373,True
CS FRESH PAPAYA MSA (PLU NO. 276650),unknown,Unknown,182.34126211959057,17.3,8.6803,92.0,16775.39611500233,132.0,1787784.5142238184,False,123.0,1640602.7852370497,True,103.0,3138360.554602518,True
KRACKLES 30G TANGY TOMATO,unknown,Unknown,54.50986899563319,21.01,19.083333333333332,201.0,10956.483668122271,26.0,420184.44699930673,False,124.0,1651559.268905172,True,265.0,4532603.794457188,True
YOU C-1000 500ML LEMON WATER,unknown,Unknown,227.6240774907749,21.77,4.02,43.0,9787.835332103321,208.0,2582387.3688001763,False,125.0,1661347.1042372752,True,173.0,3861287.1147636436,True
COKE 330ML CAN,unknown,COCA COLA BEVERAGES KENYA LTD,97.554766133807,22.57,11.46,58.0,5658.176435760805,17.0,314603.0536411507,False,126.0,1667005.2806730361,True,171.0,3846697.4858658565,True
MFS BEEF SAMOSA (ORD-25),unknown,Unknown,60.0,38.33,8.595,91.0,5460.0,39.0,548306.6176293165,False,127.0,1672465.2806730361,True,227.0,4275891.036125037,True
QUENCHER 1LT DRINKING WATER,unknown,Unknown,48.18356603341726,19.81,22.8625,241.0,11612.23941405356,22.0,385201.0282740928,False,128.0,1684077.5200870896,True,128.0,3439361.288169618,True
FRESHA 500ML WHOLE MILK POUCH,unknown,Unknown,56.824271393480714,12.73,28.9225,304.0,17274.578503618137,33.0,467591.1941974658,False,129.0,1701352.0985907079,True,97.0,3055379.393435417,True
KRAC KURLS 25G CHILLI LEMON,unknown,Unknown,39.086038326163475,23.25,4.3625,46.0,1797.9577630035199,183.0,2330113.0608983114,False,130.0,1703150.0563537113,True,436.0,5199321.769652283,True
TOILEX WHITE 10S,unknown,Unknown,369.0183767228178,18.34,2.74,29.0,10701.532924961715,350.0,3768475.612380794,False,131.0,1713851.589278673,True,180.0,3926162.777689379,True
V45 WOVEN WPP BLOCK BOTTOM,unknown,Unknown,40.003575547866205,22.64,5.065,54.0,2160.193079584775,171.0,2259901.7795086806,False,132.0,1716011.7823582578,True,249.0,4422836.666876,True
BIO 1L FRESH WHOLE MILK,unknown,BIO FOOD PRODUCTS LTD,170.8819931183892,10.9,14.6575,74.0,12645.267490760802,42.0,606500.2307374964,False,133.0,1728657.0498490187,True,49.0,2097889.558724333,True
YOU C-1000 500ML ORANGE WATER,unknown,Unknown,227.76710491011536,21.81,7.205,76.0,17310.299973168767,127.0,1751526.819364562,False,134.0,1745967.3498221876,True,99.0,3089385.159210747,True
KINANGOP FRESH 500ML MILK POUCH,unknown,Unknown,49.97416559691913,12.62,11.8375,125.0,6246.770699614891,133.0,1794031.2849234333,False,135.0,1752214.1205218025,True,267.0,4544947.000906024,True
WRIGLEYS JUICY FRUIT 10S CLASSIC,unknown,Unknown,26.666407666407668,25.72,7.305,77.0,2053.3133903133903,94.0,1315987.6024524642,False,136.0,1754267.4339121159,True,434.0,5195348.307582766,True
VELVEX 100S WHITE SERVIETTES,unknown,Unknown,116.19539628563955,14.43,6.51,69.0,8017.482343709129,196.0,2433220.821955499,False,137.0,1762284.916255825,True,200.0,4094281.697529557,True
URBAN STIX 35G BARBEQUE SNACKS,unknown,Unknown,35.0,24.99,8.28,87.0,3045.0,80.0,1157404.1740593219,False,138.0,1765329.916255825,True,395.0,5103157.710599186,True
URBAN STIX 35G THAI SWEET CHILLI SNACKS,unknown,Unknown,35.0,24.99,3.6425,39.0,1365.0,200.5,2492874.3600212825,False,139.0,1766694.916255825,True,467.0,5245627.769340361,True
KERINGET 1LT MINERAL WATER,unknown,Unknown,86.8668188736682,21.72,7.2225,76.0,6601.878234398782,128.0,1758128.6975989607,False,140.0,1773296.7944902238,True,253.0,4446832.141754209,True
FELIX 85G CAT SALMON,unknown,Unknown,190.16519972918078,24.8,2.6875,29.0,5514.790792146243,280.0,3169416.9936508387,False,141.0,1778811.58528237,True,292.0,4681430.362951963,True
KENSALT 1KG IODIZED SALT,unknown,Unknown,41.306376811594205,17.46,6.355,67.0,2767.527246376812,174.0,2270158.8559317137,False,142.0,1781579.1125287467,True,400.0,5115725.6651427895,True
FRESH KENCHIC CHICKEN THIGH BONE IN PLU86746,unknown,Unknown,705.2325845722006,17.76,4.0558,43.0,30325.001136604627,262.0,3046787.6475858088,False,143.0,1811904.1136653514,True,46.0,2032979.5543066324,True
CS FRESH MANAGU (PLU NO.276901),unknown,Unknown,35.0,17.5,12.3925,131.0,4585.0,75.0,1093581.3440441655,False,144.0,1816489.1136653514,True,332.0,4865448.606235251,True
DEL 1L MIXED BERRY JUICE,unknown,Unknown,255.96498054474708,18.64,3.32,35.0,8958.774319066148,298.0,3305866.810076134,False,145.0,1825447.8879844176,True,190.0,4010707.45980974,True
WRIGLEYS P.K 10S CHEWING GUM PEPPERMINT,unknown,Unknown,26.673386067874457,25.51,7.6475,81.0,2160.5442714978312,88.0,1236982.9240640143,False,146.0,1827608.4322559154,True,430.0,5186597.266555496,True
OLA 40G MEXICAN CRUNCH TORTILA CHIPS,unknown,Unknown,64.46539256198348,38.68,7.135,75.0,4834.904442148761,50.0,770901.543665014,False,147.0,1832443.336698064,True,321.0,4819328.614691055,True
COKE PET 2LTS,unknown,COCA COLA BEVERAGES KENYA LTD,164.62002874940106,9.01,7.95,40.0,6584.801149976042,144.0,1915561.9160224134,False,148.0,1839028.13784804,True,119.0,3329154.783701976,True
CS FRESH SWEET POTATOES (PLU NO.276814),unknown,Unknown,172.11820414598895,17.4,9.1468,97.0,16695.46580216093,123.0,1725998.7109011982,False,149.0,1855723.603650201,True,98.0,3072074.859237578,True
PICK N PEEL 250ML WHITE GRAPE,unknown,Unknown,70.8131793478261,24.09,3.45,37.0,2620.0876358695655,222.0,2692934.5870413855,False,150.0,1858343.6912860707,True,431.0,5189217.354191365,True
CS FRESH RASPBERRIES 125G,unknown,Unknown,261.3206881340979,16.41,4.62,49.0,12804.713718570798,251.0,2923794.614074812,False,151.0,1871148.4050046415,True,141.0,3582600.908407429,True
URBAN STIX 35G CHUTNEY SNACKS,unknown,Unknown,35.0,24.99,3.6425,39.0,1365.0,200.5,2491509.3600212825,False,152.0,1872513.4050046415,True,463.0,5240583.218953963,True
NUTFIELD 20G MAC NUTS LOCAL,unknown,Unknown,64.0,25.69,10.68,113.0,7232.0,52.0,796918.6449760986,False,153.5,1890217.535585939,True,271.0,4572697.153214177,True
SCHWEPPES TONIC WATER 500ML PET,unknown,Unknown,75.88500421229992,10.39,13.14,138.0,10472.130581297388,151.0,1968824.4827011875,False,153.5,1882985.535585939,True,160.0,3769341.008324061,True
KRACKLES SALT&VINEGAR 30GM,unknown,Unknown,54.18305284912902,20.81,6.265,66.0,3576.0814880425155,152.0,1972400.56418923,False,155.0,1893793.6170739816,True,371.0,5024707.857727988,True
CS FRESH  AVOCADO LARGE (PLU NO. 276009),unknown,Unknown,36.06715191359474,18.17,8.195,87.0,3137.8422164827425,134.0,1797169.1271399162,False,156.0,1896931.4592904644,True,391.0,5090714.805631875,True
KRACKLES POTATO CRISP BBQ30G,unknown,Unknown,54.57140092879257,21.04,9.4575,100.0,5457.140092879257,85.0,1228062.289276309,False,157.0,1902388.5993833437,True,291.0,4675915.5721598165,True
CS FRESH APPLES FUJI (PLU NO. 276001),unknown,Unknown,498.68955679204544,17.07,12.8604,136.0,67821.77972371818,73.0,1083604.7878683107,False,158.0,1970210.3791070618,True,13.0,880386.8884464428,True
KNORR 51G 6S BEEF CUBES,unknown,Unknown,93.80817610062893,18.99,3.67,39.0,3658.518867924528,268.0,3074357.8233091207,False,159.0,1973868.8979749864,True,375.0,5037688.410014936,True
AMAIZE 2KG PREMIUM MAIZE FLOUR,unknown,Unknown,183.16200578592094,1.84,5.2525,56.0,10257.072324011573,466.0,4742571.787859208,False,160.0,1984125.9702989978,True,147.0,3637973.1937159146,True
MILL BAKERS 260G QUEEN CAKE,unknown,Unknown,99.0,16.16,2.5425,27.0,2673.0,395.0,4159781.7086273734,False,161.0,1986798.9702989978,True,416.0,5157221.719951615,True
MR.BERRYS KING KUBWA XXL PASSION LOLLIPOP,unknown,Unknown,16.58093797276853,34.27,4.7025,50.0,829.0468986384266,119.0,1692111.7968562087,False,162.0,1987628.0171976362,True,484.0,5263576.178979247,True
COKE ZERO 330ML CAN,unknown,COCA COLA BEVERAGES KENYA LTD,96.57195677646139,21.8,14.6325,74.0,7146.324801458143,12.0,207582.5273755222,False,163.0,1994774.3419990942,True,110.0,3228116.6956765433,True
ROYCO 4G 40S BEEF CUBES,unknown,Unknown,137.22689844464776,16.97,4.12,44.0,6037.983531564501,267.0,3070699.3044411964,False,164.0,2000812.3255306587,True,275.0,4596084.15681657,True
FELIX 85G CAT BEEF,unknown,Unknown,193.86450492182976,26.24,3.2325,34.0,6591.393167342212,217.0,2668972.6186450683,False,165.0,2007403.718698001,True,257.0,4471435.431371544,True
BIG GIANT XXL ASSORTED LOLLYPOPS,unknown,Unknown,10.003710575139147,41.48,3.6425,39.0,390.14471243042675,130.0,1763576.398870133,False,166.0,2007793.8634104314,True,500.0,5273722.001532556,True
CS FRESH SARAV (PLU NO.276802),unknown,Unknown,24.32012432012432,17.65,5.0075,53.0,1288.9665889665891,206.0,2571358.835757557,False,167.0,2009082.829999398,True,468.0,5246916.735929327,True
DL 70ML MINI FIESTA CLASSIC,unknown,Unknown,69.04185130477597,23.97,3.8075,40.0,2761.6740521910388,199.0,2490144.3600212825,False,168.0,2011844.504051589,True,401.0,5118487.33919498,True
OLA 40G COOL CRUNCH TORTILA CHIPS,unknown,Unknown,64.93733052124134,43.88,6.455,68.0,4415.738475444411,48.0,757635.1947606116,False,169.0,2016260.2425270334,True,346.0,4925141.383316656,True
EXE 2KG ALL PURPOSE FLOUR,unknown,UNGA LTD,160.11478002965893,4.66,19.1475,245.0,39228.12110726644,451.0,4644871.062166045,False,170.0,2055488.3636343,True,41.0,1894982.5312061827,True
INDOMIE 120G CHICKEN JUMBO NOODLES,unknown,Unknown,43.97136268343815,18.13,2.745,29.0,1275.1695178197065,354.0,3790500.0413348842,False,171.0,2056763.5331521197,True,466.0,5244262.769340361,True
KNORR 51G 6S CHICKEN CUBES,unknown,Unknown,94.24403885781572,19.44,6.51,69.0,6502.838681189285,154.0,1986174.3014059842,False,172.0,2063266.371833309,True,262.0,4501971.594159794,True
BROOKSIDE 250G PROBIOTIC FRUIT CUP YOGHURT VANILLA,unknown,BROOKSIDE DAIRY LIMITED,92.87433916226108,5.03,4.66,24.0,2228.984139894266,371.0,3947919.120956625,False,173.0,2065495.3559732034,True,335.0,4876949.99754239,True
QUENCHER LIFE 5LT PREMIUM DRINKING WATER,unknown,Unknown,223.32964169381108,19.19,2.855,30.0,6699.889250814333,328.0,3599787.222280942,False,174.0,2072195.2452240176,True,251.0,4436496.556126814,True
FESTIVE 400G WHOLE MEAL,unknown,Unknown,65.00043591979076,10.0,8.63,91.0,5915.039668700959,214.0,2631088.3180227135,False,175.0,2078110.2848927185,True,277.0,4608213.454151819,True
KERINGET 500ML MINERAL WATER,unknown,Unknown,56.14589248099643,19.85,21.15,223.0,12520.534023262204,24.0,407397.97129931196,False,176.0,2090630.8189159806,True,138.0,3546267.6256040256,True
BROWNS 250G GREEK YOGHURT,unknown,Unknown,282.9557774607703,25.11,2.8375,30.0,8488.67332382311,265.0,3063311.320909632,False,177.0,2099119.4922398035,True,219.0,4235915.218727803,True
CS FRESH LETTUCE PER PKT,unknown,Unknown,128.99592575826165,28.73,4.3525,46.0,5933.8125848800355,156.0,1995572.8782900472,False,178.0,2105053.3048246833,True,288.0,4657829.395429804,True
QUENCHER 500ML DRINKING WATER,unknown,Unknown,26.448611823309648,15.27,25.4875,268.0,7088.227968646986,30.0,438612.05044877157,False,179.0,2112141.5327933305,True,243.0,4388833.932554083,True
KRACKLES CURLS 15G CHEESY,unknown,Unknown,20.00053219797765,25.0,3.1875,34.0,680.01809473124,234.0,2759084.9045875617,False,180.0,2112821.5508880615,True,490.0,5268080.189560754,True
KRACKLES CHEESE & ONION 30G,unknown,Unknown,55.4089559058716,22.23,8.35,88.0,4875.988119716701,97.0,1338607.4211831363,False,181.0,2117697.5390077783,True,324.0,4831820.25162754,True
SMIRNOFF ICE WITH GUARANA 330ML CAN,unknown,Unknown,202.5977681001633,15.62,3.0625,33.0,6685.726347305389,367.0,3928382.0499400552,False,182.0,2124383.2653550836,True,234.0,4330940.128397932,True
MR.BERRYS KING KUBWA XXL TONGUE PAINTER LOLLIPOP,unknown,Unknown,16.44562118126273,33.73,4.2775,45.0,740.0529531568228,142.0,1905197.84325421,False,183.0,2125123.3183082403,True,486.0,5265107.5133695295,True
CS IMP LEMONS PKG PLU76452,unknown,Unknown,405.76521526170114,18.04,4.1257,44.0,17853.66947151485,254.0,2969731.9908423945,False,184.0,2142976.987779755,True,91.0,2940545.1742728874,True
FRESHA 5L WHOLE MILK,unknown,Unknown,499.4747557003257,12.91,6.95,73.0,36461.657166123776,204.0,2557291.8190963706,False,185.0,2179438.644945879,True,32.0,1594710.1306267353,True
TROP HEAT 50G CHEVDA ORIGINAL,unknown,Unknown,62.0777358490566,23.85,2.6075,28.0,1738.176603773585,295.0,3288983.208161828,False,186.0,2181176.8215496526,True,445.0,5214997.372455206,True
NUTFIELDS 20G MIXED NUTS,unknown,Unknown,55.0,26.37,10.39,110.0,6050.0,53.0,802968.6449760986,False,187.0,2187226.8215496526,True,301.0,4723377.684262059,True
KERINGET 18.9LT MINERAL WATER REFIL,unknown,Unknown,598.6363581072862,19.15,16.145,170.0,101768.18087823867,43.0,708268.411615735,False,188.0,2288995.0024278914,True,6.0,425596.08773357107,True
BROOKSIDE 1L SWEETEND LALA BOTTLE,unknown,BROOKSIDE DAIRY LIMITED,179.0,2.79,3.04,16.0,2864.0,454.0,4659029.229165646,False,189.0,2291859.0024278914,True,278.0,4611077.454151819,True
MFS CHICKEN SAMOSA (ORD-25),unknown,Unknown,59.79248186414597,33.1,5.46,58.0,3467.9639481204663,100.0,1356053.9141516297,False,190.0,2295326.9663760117,True,297.0,4706283.078253538,True
COKE ZERO 500ML PET,unknown,COCA COLA BEVERAGES KENYA LTD,65.17540904716073,11.82,14.32,72.0,4692.629451395573,38.0,542846.6176293165,False,191.0,2300019.595827407,True,159.0,3758868.8777427636,True
BIO 90ML NATURAL Y0GHURT,unknown,BIO FOOD PRODUCTS LTD,79.0,20.0,4.4875,23.0,1817.0,102.0,1358792.0265934127,False,192.0,2301836.595827407,True,373.0,5030294.857727988,True
AQUAMIST 19L DISPOSABLE WATER,unknown,AQUAMIST LIMITED,566.0795128939828,13.44,2.73,17.0,9623.351719197708,256.0,3002224.473392575,False,193.0,2311459.947546605,True,105.0,3165673.386792888,True
BROOKSIDE 450G NATURAL PROBIOTIC YOGHURT,unknown,BROOKSIDE DAIRY LIMITED,158.45510835913313,4.48,3.085,16.0,2535.28173374613,433.0,4535912.746523468,False,194.0,2313995.229280351,True,317.0,4801828.37518538,True
CS FRESH  M/P SAGETI PLU:276900,unknown,Unknown,35.0,17.5,4.425,47.0,1645.0,245.0,2884469.6508779516,False,195.0,2315640.229280351,True,446.0,5216642.372455206,True
BROOKSIDE 500ML LACTOSE FREE UHT MILK FINO,unknown,BROOKSIDE DAIRY LIMITED,75.6244011497924,2.15,24.93,125.0,9453.050143724051,178.0,2296324.7215118553,False,196.0,2325093.279424075,True,86.0,2851647.065960742,True
KSL TROPICAL LOLLIPOP SINGLES,unknown,Unknown,15.004719207173196,31.28,3.9675,42.0,630.1982067012742,158.0,1997564.6708695504,False,197.0,2325723.4776307764,True,494.0,5270837.529693386,True
FANTA BLACK CURRANT 350ML PET,unknown,Unknown,48.585624378933424,15.7,5.215,55.0,2672.2093408413384,229.0,2736124.4081903133,False,198.0,2328395.686971618,True,396.0,5105829.919940027,True
NESTLE 41.5G KITKAT 4 FINGER MILK,unknown,Unknown,167.07607962213226,24.42,9.455,100.0,16707.607962213224,67.0,967311.1533193606,False,199.0,2345103.2949338313,True,83.0,2806011.2315613683,True
CS FRESH METHI (PLU NO. 276515),unknown,Unknown,24.089332176929748,17.44,4.42,47.0,1132.1986123156983,248.0,2895826.849490267,False,200.0,2346235.493546147,True,476.0,5256497.652695777,True
KINGSMIL 400G KUBWA WAO BROWN BREAD,unknown,Unknown,65.0,13.0,2.64,28.0,1820.0,414.0,4418437.028329869,False,201.0,2348055.493546147,True,438.0,5203181.7907179585,True
KRAC KURLS 25G TOMATO,unknown,Unknown,39.08119402985075,23.24,2.9875,32.0,1250.598208955224,269.0,3075608.4215180757,False,202.0,2349306.091755102,True,462.0,5239218.218953963,True
SAVANA DRY PREMIUM CIDER 340ML,unknown,Unknown,283.34262125902995,16.4,3.72,40.0,11333.704850361199,302.0,3345258.0360054583,False,203.0,2360639.796605463,True,156.0,3732474.8744814824,True
CS FRESH CARROTS PKG PLU76104,unknown,Unknown,116.76715411243613,17.41,11.0885,117.0,13661.757031155028,90.0,1276695.6810951694,False,204.0,2374301.553636618,True,121.0,3354709.956662334,True
SPRITE PET 350ML,unknown,Unknown,48.63035152636448,15.76,9.82,104.0,5057.556558741906,129.0,1763186.2541577027,False,205.0,2379359.1101953597,True,310.0,4768894.566032843,True
SAFARI 300ML LEMONADE LIME DRINK,unknown,Unknown,48.57286258220838,26.23,10.89,115.0,5585.879196953963,46.0,748959.1158478683,False,206.0,2384944.9893923136,True,293.0,4687016.242148917,True
BROOKSIDE 1LTR FRESH MILK STANDARD,unknown,BROOKSIDE DAIRY LIMITED,129.9841879376553,1.53,8.58,43.0,5589.320081319178,441.0,4575006.621515316,False,207.0,2390534.309473633,True,145.0,3616665.94839326,True
URBAN STIX 35G KUKU CHOMA SNACK,unknown,Unknown,35.0011911852293,25.0,3.3125,35.0,1225.0416914830255,225.0,2708165.8376426343,False,208.0,2391759.351165116,True,471.0,5250502.566551395,True
ILARA 500ML TNC PLAIN CUP,unknown,BROOKSIDE DAIRY LIMITED,117.45137931034483,3.79,5.6325,29.0,3406.09,387.0,4107565.0732641537,False,209.0,2395165.4411651157,True,255.0,4457507.63961778,True
TUSKER 500ML LAGER BEER,unknown,Unknown,209.0,18.65,10.7475,113.0,23617.0,84.0,1222605.1491834298,False,210.0,2418782.4411651157,True,47.0,2056596.5543066324,True
CARTOONS 30G TANGY TOMATO CRISPS,unknown,Unknown,56.293587896253605,22.73,5.2125,55.0,3096.1473342939485,164.0,2131758.981292512,False,211.0,2421878.5884994096,True,387.0,5078012.565805297,True
CS FRESH ARROWROOT (PLU NO. 76006),unknown,Unknown,228.78723361268473,17.42,4.7513,50.0,11439.361680634236,226.0,2719605.1993232686,False,212.0,2433317.950180044,True,151.0,3677230.5407631313,True
BIO 150ML NATURAL YOGHURT,unknown,BIO FOOD PRODUCTS LTD,115.38928571428572,17.5,6.2975,32.0,3692.457142857143,72.0,1015783.0081445926,False,213.0,2437010.4073229013,True,224.0,4260049.532031054,True
FC 200G (30D) FRESH STREAKY BACON,unknown,Unknown,444.0547112462006,21.55,3.63,39.0,17318.133738601824,242.0,2875095.633363055,False,214.0,2454328.5410615033,True,92.0,2957863.3080114895,True
FC 125G (30D) FRESH NYAMABITE,unknown,Unknown,92.12212817412333,16.07,3.1975,34.0,3132.1523579201935,342.0,3687651.615178356,False,215.0,2457460.6934194234,True,393.0,5097004.720806988,True
CS FRESH  BROCOLLI (PLU NO. 276064),unknown,Unknown,231.75972017653714,17.13,3.0001,32.0,7416.311045649189,341.0,3684519.462820436,False,216.0,2464877.0044650724,True,246.0,4410444.950324939,True
BIO 2L SEMI SKIMMED FRESH MILK,unknown,BIO FOOD PRODUCTS LTD,305.61179878851726,11.67,7.3175,37.0,11307.636555175139,111.0,1653883.9702038153,False,217.0,2476184.6410202477,True,63.0,2399535.03011092,True
SMIRNOFF 330ML PINEAPPLE PUNCH ICE CAN,unknown,Unknown,202.088073089701,15.53,5.3875,57.0,11519.020166112958,219.0,2684261.6388111813,False,218.0,2487703.6611863608,True,139.0,3557786.6457701386,True
AJAB 2KG MAIZE MEAL FLOUR,unknown,Unknown,155.26140912730185,1.59,5.2825,56.0,8694.638911128903,469.0,4762779.822328715,False,219.0,2496398.3000974897,True,223.0,4256357.074888197,True
CADBURY 28G BUBBLY CHOCOLATE,unknown,Unknown,97.80733285406183,21.83,2.655,28.0,2738.6053199137314,319.0,3496483.2303707106,False,220.0,2499136.9054174037,True,408.0,5135908.3408181425,True
EMBASSY BY DUNHILL BLUE 20S,unknown,Unknown,460.0012653859427,7.1,16.6675,176.0,80960.22270792592,166.0,2218933.461666987,False,221.0,2580097.1281253295,False,9.0,667474.6374715304,True
FESTIVE 300G 6S DELUXE ROLLS,unknown,Unknown,120.0,13.05,6.1525,65.0,7800.0,232.0,2757250.4292559884,False,222.0,2587897.1281253295,False,225.0,4267849.532031054,True
COKE PET 500ML,unknown,COCA COLA BEVERAGES KENYA LTD,66.48787814879907,12.59,15.74,79.0,5252.542373755126,29.0,431523.8224801246,False,223.0,2593149.6704990845,False,150.0,3665791.179082497,True
CADBURY 80G DAIRY MILK WHOLE NUT,unknown,Unknown,258.3677156177156,16.08,2.6725,29.0,7492.663752913752,385.0,4095753.86474818,False,224.0,2600642.3342519985,False,202.0,4110074.323740946,True
PICK N PEEL 250ML ORANGE JUICE,unknown,Unknown,94.64972320080524,24.9,4.735,50.0,4732.486160040262,167.0,2223665.947827027,False,225.0,2605374.820412039,False,368.0,5014157.011940762,True
CS FRESH PLANTAIN (PLU NO. 276050),unknown,Unknown,299.0000809304955,17.5,3.392,36.0,10764.00291349784,312.0,3442494.857503709,False,226.0,2616138.8233255367,False,166.0,3809264.898557221,True
HEINZ 415G BAKED BEANS UK,unknown,Unknown,304.2392874337987,22.28,3.97,42.0,12778.050072219547,205.0,2570069.8691685903,False,227.0,2628916.8733977564,False,126.0,3414014.136175234,True
BIO 150ML BERRY COCKTAIL YOGHURT,unknown,BIO FOOD PRODUCTS LTD,111.49423520368947,14.61,5.05,26.0,2898.850115295926,137.0,1844236.2140839112,False,228.0,2631815.7235130523,False,283.0,4636422.001113703,True
ILARA  POUCH FRESH MILK 1LTR,unknown,BROOKSIDE DAIRY LIMITED,117.04209119759479,2.6,11.5575,58.0,6788.4412894604975,305.0,3399001.186365122,False,229.0,2638604.1648025126,False,118.0,3322569.982552,True
KCC 500ML FRESH W/MILK (POUCH)-84,unknown,NEW KENYA COOP CREAMERIES  LTD,56.39185303514377,10.12,12.34,62.0,3496.2948881789134,60.0,843257.8115164051,False,230.0,2642100.4596906914,False,247.0,4413941.245213117,True
BLUE BAND 1KG MED FAT SPREAD,unknown,Unknown,478.6239452186449,-8.17,3.6575,39.0,18666.33386352715,491.0,5061712.93610044,False,231.0,2660766.7935542185,False,82.0,2789303.6235991553,True
ACACIA 200ML KIDS STRAWBERRY,unknown,Unknown,48.65827338129496,23.86,2.88,31.0,1508.4064748201438,274.0,3094803.378166749,False,232.0,2662275.200029039,False,460.0,5236687.620745008,True
FRESHA MAISHA 250ML LONG LIFE MILK,unknown,Unknown,30.000458662997364,12.5,16.99,179.0,5370.082100676528,77.0,1138991.426144842,False,233.0,2667645.282129715,False,311.0,4774264.648133519,True
FANTA ORANGE PET 350ML,unknown,Unknown,48.68287779237845,16.24,7.3625,78.0,3797.264467805519,163.0,2128662.833958218,False,234.0,2671442.546597521,False,339.0,4896317.286089743,True
KETEPA 250G FAHARI YA KENYA TEA,unknown,Unknown,124.95846059865607,16.34,2.915,31.0,3873.7122785583383,369.0,3936755.7622186136,False,235.0,2675316.258876079,False,352.0,4948569.422874346,True
FESTIVE 350G SLICED SUB ROLLS 4S,unknown,Unknown,140.0,13.04,2.645,28.0,3920.0,413.0,4416617.028329869,False,236.0,2679236.258876079,False,361.0,4985829.89897428,True
BROOKSIDE 1L LACTOSE FREE UHT MILK,unknown,BROOKSIDE DAIRY LIMITED,174.2191025977434,-0.13,7.0575,36.0,6271.887693518762,485.0,4949466.017812387,False,237.0,2685508.146569598,False,123.0,3375246.903830265,True
EXE 2KG CHAPATI FLOUR,unknown,UNGA LTD,169.29661016949152,4.75,3.09,40.0,6771.86440677966,427.0,4479495.228029041,False,238.0,2692280.010976378,False,294.0,4693788.106555697,True
BROOKSIDE 200ML  WHOLE MILK TCA,unknown,BROOKSIDE DAIRY LIMITED,32.00059970014993,6.25,6.37,32.0,1024.0191904047977,235.0,2760108.9237779668,False,239.0,2693304.030166783,False,428.0,5182389.018455925,True
TENA 10S WHITE TOILET ROLLS,unknown,Unknown,450.6789066813915,16.93,7.0875,75.0,33800.918001104365,162.0,2124865.5694904123,False,240.0,2727104.948167887,False,40.0,1855754.4100989162,True
CS CHERRY TOMATO PKT PLU76855,unknown,Unknown,142.6878064727035,11.77,5.83,62.0,8846.644001307617,276.0,3140556.1139968084,False,241.0,2735951.5921691945,False,204.0,4127464.022209818,True
NDOVU 2KG MAIZE MEAL FLOUR,unknown,Unknown,137.43015214384508,3.99,3.17,34.0,4672.625172890733,463.0,4712144.677130094,False,242.0,2740624.217342085,False,358.0,4974044.89897428,True
CS FRESH TERERE AMARANTHA (PLU NO.276853),unknown,Unknown,33.348512669849434,17.9,10.6175,112.0,3735.0334190231365,93.0,1313934.2890621508,False,243.0,2744359.2507611085,False,374.0,5034029.891147011,True
CS FRESH SPRING ONIONS (PLU NO.276805),unknown,Unknown,25.0,17.5,4.0825,43.0,1075.0,264.0,3054822.6475858088,False,244.0,2745434.2507611085,False,477.0,5257572.652695777,True
FRESH KENCHIC CHICKEN LEGS QUARTER PKG PLU86920,unknown,Unknown,684.9998657339653,28.18,3.1019,33.0,22604.995569220853,209.0,2604992.364369397,False,245.0,2768039.246330329,False,66.0,2452681.950968133,True
FESTIVE 300G 6S PREM SESSAME SLICED BURGER BUNS,unknown,Unknown,130.0,12.39,6.2375,66.0,8580.0,246.0,2893049.6508779516,False,246.0,2776619.246330329,False,191.0,4019287.45980974,True
FANTA BLACKCURRANT PET 2LTS,unknown,Unknown,152.82033665407076,8.24,5.185,55.0,8405.118515973892,386.0,4104158.983264154,False,247.0,2785024.364846303,False,199.0,4086264.215185848,True
GREEN FARM 15PK Y/YORK EGGS,unknown,Unknown,334.84015444015444,18.15,2.3275,25.0,8371.003861003861,391.0,4133710.2895836327,False,248.0,2793395.368707307,False,207.0,4148676.5211257325,True
RINSUN 5LT SUNFLOWER OIL,unknown,Unknown,1589.9651464590286,9.0,4.5325,48.0,76318.32703003337,396.0,4236100.035657407,False,249.0,2869713.6957373405,False,8.0,586514.4147636044,True
KENSALT 500G IODIZED SALT,unknown,Unknown,20.99013157894737,15.49,5.155,55.0,1154.4572368421054,233.0,2758404.8864928307,False,250.0,2870868.1529741827,False,465.0,5242987.599822541,True
BROOKSIDE 250ML UHT WHOLE MILK,unknown,BROOKSIDE DAIRY LIMITED,42.00048183482702,4.76,20.845,105.0,4410.050592656838,86.0,1232472.339868966,False,251.0,2875278.2035668395,False,205.0,4131874.0728024747,True
BIO 150ML VANILLA YOGHURT,unknown,BIO FOOD PRODUCTS LTD,116.26585594013096,18.12,10.1375,51.0,5929.558652946679,34.0,473520.75285041245,False,252.0,2881207.762219786,False,133.0,3495262.3522044076,True
KCC 500ML GOLD CROWN  (POUCH)-55,unknown,NEW KENYA COOP CREAMERIES  LTD,57.45814185814186,9.52,9.6775,49.0,2815.448951048951,98.0,1341422.8701341853,False,253.0,2884023.211170835,False,285.0,4645329.200915035,True
SUPA 400G BUTTER TOAST BREAD,unknown,Unknown,65.00224908630868,10.91,6.6375,70.0,4550.157436041608,259.0,3015372.1565919537,False,254.0,2888573.3686068766,False,331.0,4860863.606235251,True
COCA COLA 300ML,unknown,Unknown,40.0,20.82,10.6825,113.0,4520.0,70.0,1001367.7715693599,False,255.0,2893093.3686068766,False,344.0,4916381.027184417,True
FESTIVE 400G FINEST SUPER SEEDED BREAD,unknown,Unknown,130.0002688172043,12.39,6.9925,74.0,9620.019892473118,213.0,2625173.2783540124,False,256.0,2902713.38849935,False,179.0,3915461.2447644174,True
SIRIMON 250G CHEDDAR CHEESE,unknown,Unknown,505.1420233463035,23.89,2.8325,30.0,15154.260700389106,278.0,3159913.5882440777,False,257.0,2917867.649199739,False,107.0,3198102.1362849665,True
CS FRESH CAULIFLOWER (PLU NO. 276106),unknown,Unknown,223.33369649851525,16.8,3.2122,34.0,7593.345680949518,331.0,3621606.0555894054,False,258.0,2925460.994880689,False,228.0,4283484.381805986,True
MAYERS 750ML GLASS SPARKLING EMPTY BOTTLE,unknown,Unknown,95.0,2.32,3.4925,37.0,3515.0,471.0,4802701.52823528,False,259.0,2928975.994880689,False,384.0,5066697.368179461,True
KINANGOP 500ML GOLD FINO ASEPTIC,unknown,Unknown,55.4998177178272,11.32,5.26,56.0,3107.989792198323,311.0,3431730.854590211,False,260.0,2932083.9846728873,False,394.0,5100112.710599186,True
SIRIMON 250G EVERYDAY CHEESE,unknown,Unknown,492.9044776119403,24.9,2.5775,28.0,13801.325373134328,289.0,3234141.184379571,False,261.0,2945885.3100460214,False,125.0,3401236.086103014,True
QUENCHER 18L MIN WATER PET,unknown,Unknown,508.52700397953384,17.91,3.39,36.0,18306.972143263218,303.0,3363565.0081487214,False,262.0,2964192.2821892845,False,89.0,2907354.179843152,True
CS BUTTON MUSHROOM PER PKT,unknown,Unknown,335.2210796915167,11.22,7.64,81.0,27152.907455012853,216.0,2662381.225477726,False,263.0,2991345.189644297,False,53.0,2201725.1204420617,True
STENTOR 1LT SUGARCANE COCKTAIL JUICE,unknown,Unknown,390.00068446269677,23.68,2.72,29.0,11310.019849418206,287.0,3213862.071086053,False,264.0,3002655.2094937153,False,148.0,3649283.213565333,True
BROOKSIDE 1L NATURAL LALA BOTTLE,unknown,BROOKSIDE DAIRY LIMITED,165.00105374077978,1.81,5.435,28.0,4620.029504741834,449.0,4602948.387908226,False,265.0,3007275.2389984573,False,187.0,3983847.78277766,True
BIO 150ML STRAWBERRY YOGHURT,unknown,BIO FOOD PRODUCTS LTD,118.22160906186465,19.47,6.7175,34.0,4019.5347081033983,57.0,830353.2085312185,False,266.0,3011294.773706561,False,214.0,4200150.132497626,True
CADBURY 32G DAIRY MILK HAZELNUTS,unknown,Unknown,134.05775922059846,29.91,1.445,16.0,2144.9241475295753,384.0,4088261.200995266,False,267.0,3013439.6978540905,False,364.0,4995818.597453566,True
FC 200G (30D) FRESH SANDWICH HAM,unknown,Unknown,293.6432291666667,22.41,3.6975,39.0,11452.0859375,224.0,2706940.7959511513,False,268.0,3024891.7837915905,False,152.0,3688682.6267006313,True
RIBENA 250ML BLACKCURRANT,unknown,Unknown,87.75399421128799,15.96,11.9325,126.0,11057.003270622286,92.0,1310199.2556431277,False,269.0,3035948.787062213,False,177.0,3896325.3046692843,True
CS FRESH MATOKE (PLU NO. 276511),unknown,Unknown,148.99991643407483,17.5,4.441,47.0,7002.996072401517,244.0,2882824.6508779516,False,270.0,3042951.783134614,False,245.0,4403028.639279289,True
CS FRESH KIWIFRUIT (PLU NO. 276291),unknown,Unknown,138.55535793686082,16.62,4.1675,44.0,6096.435749221876,270.0,3081704.857267298,False,271.0,3049048.218883836,False,266.0,4538700.2302064095,True
DUNHILL 20S SWITCH,unknown,Unknown,470.0,7.13,17.085,180.0,84600.0,161.0,2091064.6514893079,False,272.0,3133648.218883836,False,7.0,510196.08773357107,True
PILSNER 500ML LAGER BEER,unknown,Unknown,209.0,15.85,5.1375,54.0,11286.0,230.0,2747410.4081903133,False,273.0,3144934.218883836,False,129.0,3450647.288169618,True
CS FRESH PALAK (PLU NO. 276651),unknown,Unknown,23.33777925975325,17.66,5.6725,60.0,1400.2667555851951,185.0,2339307.3807668053,False,274.0,3146334.4856394213,False,454.0,5229570.819123855,True
GOLD CROWN 500ML WHOLE MILK LONGLIFE FINO TFA 20,unknown,Unknown,54.66841004184101,10.27,12.5975,133.0,7270.898535564854,153.0,1979671.4627247949,False,275.0,3153605.3841749863,False,112.0,3250401.722280654,True
FC 400G (30D) FRESH STREAKY BACON,unknown,Unknown,799.3706004140787,18.41,2.7525,29.0,23181.74741200828,344.0,3720453.362590364,False,276.0,3176787.1315869945,False,65.0,2430076.955398912,True
CS FRESH MINT (PLU NO. 276517),unknown,Unknown,23.40939076445479,17.78,4.955,53.0,1240.6977105161038,207.0,2572599.533468073,False,277.0,3178027.8292975104,False,470.0,5249277.524859912,True
CADBURY 32G DAIRY MILK CHOCOLATE,unknown,Unknown,133.3466926070039,26.57,2.5925,28.0,3733.707392996109,273.0,3093294.971691929,False,278.0,3181761.5366905066,False,252.0,4440230.2635198105,True
TUSKER LITE 500ML CAN,unknown,Unknown,258.5713126009693,8.63,8.765,93.0,24047.132071890144,252.0,2947841.7461467017,False,279.0,3205808.6687623966,False,54.0,2225772.2525139516,True
WRIGLEYS P.K 10S CHEWING GUM MENTHOL,unknown,Unknown,26.63496143958869,25.51,6.21,66.0,1757.9074550128535,126.0,1734216.519391393,False,280.0,3207566.576217409,False,442.0,5210112.221398518,True
FRESH KENCHIC CHICKEN BONELES BREAST PLU 86743,unknown,Unknown,999.5269441035368,17.16,10.4133,110.0,109947.96385138905,103.0,1468739.9904448017,False,281.0,3317514.540068798,False,4.0,273206.806748266,True
BROOKSIDE 250G SALTED BUTTER,unknown,BROOKSIDE DAIRY LIMITED,422.68635097493035,-4.67,3.275,17.0,7185.667966573816,492.0,5068898.604067014,False,282.0,3324700.208035372,False,108.0,3205287.8042515405,True
SPRITE 1.25L PET,unknown,Unknown,130.0,14.78,2.495,27.0,3510.0,407.0,4341341.5269793635,False,283.0,3328210.208035372,False,369.0,5017667.011940762,True
FESTIVE 400G WHITE SLICED,unknown,Unknown,63.001972386587774,10.35,5.79,61.0,3843.1203155818544,307.0,3414251.482212619,False,284.0,3332053.328350954,False,365.0,4999661.717769148,True
SPRITE SODA PET 2LTS,unknown,Unknown,154.0409413468501,8.73,5.44,58.0,8934.374598117305,370.0,3945690.1368167307,False,285.0,3340987.7029490713,False,211.0,4183618.627797755,True
SUPA 800G SWICH WHITE BREAD,unknown,Unknown,130.0,10.0,2.7975,30.0,3900.0,431.0,4521557.560047626,False,286.0,3344887.7029490713,False,360.0,4981909.89897428,True
TENA 15S TOILET ROLL WHITE WRAPPED,unknown,Unknown,647.500748502994,18.46,2.4375,26.0,16835.019461077845,377.0,4009267.5926379142,False,287.0,3361722.722410149,False,95.0,3022569.006224675,True
KINGSMIL 400G KUBWA WAO WHITE BREAD,unknown,Unknown,65.0,13.0,3.3425,36.0,2340.0,383.0,4086116.2768477364,False,288.0,3364062.722410149,False,422.0,5169311.449932551,True
WHITE CAP 500ML LAGER BEER,unknown,Unknown,239.0,18.7,10.3775,109.0,26051.0,89.0,1263033.9240640143,False,289.0,3390113.722410149,False,50.0,2123940.558724333,True
PICK N PEEL 1LT APPLE,unknown,Unknown,258.55252020007697,21.82,4.37,46.0,11893.41592920354,194.0,2423537.3396117897,False,290.0,3402007.1383393523,False,120.0,3341048.199631179,True
WRIGLEYS JUICY FRUIT 10S STRAWBERRY,unknown,Unknown,26.69792887846815,25.72,4.855,51.0,1361.5943728018756,157.0,1996934.4726628491,False,291.0,3403368.7327121543,False,457.0,5233619.036414678,True
SNICKERS 40G SINGLE CHOCO BAR,unknown,Unknown,163.94862355953904,20.88,5.2125,55.0,9017.174295774648,177.0,2286871.6713681314,False,292.0,3412385.907007929,False,77.0,2683409.227344429,True
AQUAMIST 5LT MINERAL WATER,unknown,AQUAMIST LIMITED,214.02683861972812,14.17,5.1975,32.0,6848.8588358313,138.0,1851085.0729197424,False,293.0,3419234.76584376,False,137.0,3533747.0915807635,True
MINUTE MAID 400ML APPLE JUICE,unknown,Unknown,78.94407042982911,20.15,3.79,40.0,3157.7628171931647,250.0,2910989.900356241,False,294.0,3422392.5286609535,False,392.0,5093872.568449068,True
WRIGLEYS ORBIT 10S BUBBLEMINT SF,unknown,Unknown,68.72794326241134,24.02,6.76,71.0,4879.683971631205,115.0,1675455.1684680383,False,295.0,3427272.212632585,False,325.0,4836699.935599172,True
BIO 1L FRESH SEMI SKIMMED MILK,unknown,BIO FOOD PRODUCTS LTD,157.0814814814815,10.56,5.7875,29.0,4555.362962962963,160.0,2006464.6514893079,False,296.0,3431827.575595548,False,176.0,3885268.301398662,True
PREDATOR 400ML ENERGY DRINK PET,unknown,Unknown,62.96547328687573,18.78,6.525,69.0,4344.617656794425,159.0,2001909.2885263448,False,297.0,3436172.1932523423,False,345.0,4920725.644841211,True
QUENCHER 10LT MINERAL WATER PET,unknown,Unknown,299.0,19.71,2.9625,32.0,9568.0,316.0,3470086.0216033063,False,298.0,3445740.1932523423,False,175.0,3880712.938435699,True
FC 100G (30D) COLLAR BACON,unknown,Unknown,179.37075509388734,3.69,4.6475,49.0,8789.16699960048,453.0,4656165.229165646,False,299.0,3454529.3602519426,False,195.0,4054758.9068405754,True
FANTA ORANGE PET 2LTS,unknown,Unknown,153.48258391386955,8.45,5.8675,62.0,9515.920202659912,357.0,3827844.563504628,False,300.0,3464045.2804546026,False,178.0,3905841.224871944,True
PICK N PEEL 250ML PINEAPPLE JUICE,unknown,Unknown,70.60820764643985,23.77,5.89,62.0,4377.708874079271,147.0,1935008.2178466164,False,301.0,3468422.989328682,False,355.0,4960405.69503488,True
CARTOONS 30G PERFECTLY SALTED CRISPS,unknown,Unknown,55.87103308575287,22.14,2.9625,32.0,1787.8730587440918,285.0,3201321.59680788,False,302.0,3470210.862387426,False,443.0,5211900.094457262,True
ROTHMANS SWITCH BLUE 20S,unknown,Unknown,365.0007927070947,5.53,4.84,51.0,18615.04042806183,438.0,4562165.834799448,False,303.0,3488825.902815488,False,88.0,2889047.207699889,True
RINSUN 2LT SUNFLOWER OIL,unknown,Unknown,757.6283185840708,11.81,3.1225,33.0,25001.734513274336,406.0,4337831.5269793635,False,304.0,3513827.6373287626,False,61.0,2365822.5351784043,True
BROOKSIDE 1L FARM FRESH MILK,unknown,BROOKSIDE DAIRY LIMITED,130.0,1.54,7.24,37.0,4810.0,446.0,4589626.9184906185,False,305.0,3518637.6373287626,False,170.0,3841039.309430096,True
CS FRESH CUCUMBER LOCAL (PLU NO. 276126),unknown,Unknown,161.52825957721106,18.16,3.4903,37.0,5976.545604356809,292.0,3265590.5510868826,False,306.0,3524614.1829331196,False,289.0,4663805.941034161,True
VP 250G SHELLED GARDEN PEAS,unknown,Unknown,166.45020098258152,12.63,4.2825,45.0,7490.259044216168,330.0,3614012.7099084556,False,307.0,3532104.4419773356,False,231.0,4304551.46924736,True
EXE 2KG SELF RAISING,unknown,UNGA LTD,175.0655534941249,5.46,2.9475,38.0,6652.491032776747,422.0,4450516.251303256,False,308.0,3538756.9330101125,False,290.0,4670458.432066937,True
BROOKSIDE 2LTR FRESH MILK STANDARD BOTTLE,unknown,BROOKSIDE DAIRY LIMITED,256.9450567802271,1.54,11.2975,57.0,14645.868236472945,411.0,4410897.028329869,False,309.0,3553402.8012465853,False,44.0,1973154.336475537,True
KENSALT 2KG IODIZED SALT,unknown,Unknown,78.3198715006884,12.42,3.955,42.0,3289.4346030289125,359.0,3850659.9342411784,False,310.0,3556692.2358496143,False,377.0,5044473.156024121,True
ISINYA 12S EGGS,unknown,Unknown,252.16860897695105,12.28,4.7475,50.0,12608.430448847552,317.0,3482694.4520521536,False,311.0,3569300.6662984616,False,132.0,3489332.793551461,True
CS FRESH APPLE MANGOES PLU 276503,unknown,Unknown,163.19704422332524,15.91,8.7519,92.0,15014.128068545922,149.0,1951272.2695468974,False,312.0,3584314.7943670074,False,111.0,3243130.823745089,True
BIO 500ML COOKING CREAM LONG LIFE,unknown,BIO FOOD PRODUCTS LTD,352.69898264512267,18.57,2.96,15.0,5290.48473967684,176.0,2277854.4970723568,False,313.0,3589605.2791066845,False,142.0,3587891.393147106,True
BLUE BAND 250G MED FAT SPREAD,unknown,Unknown,158.24215145081388,10.49,2.39,26.0,4114.295937721161,442.0,4579120.917453038,False,314.0,3593719.5750444056,False,336.0,4881064.293480111,True
MARS SINGLE BARS 40G,unknown,Unknown,175.74765824581323,21.02,3.7275,40.0,7029.906329832529,241.0,2857777.499624453,False,315.0,3600749.481374238,False,134.0,3502292.25853424,True
ROSY TOILET TISSUE WHITE 10PACK,unknown,Unknown,298.0173913043478,13.86,2.33,25.0,7450.434782608696,420.0,4440610.431903006,False,316.0,3608199.916156847,False,212.0,4191069.062580364,True
BROOKSIDE 2LTR FRESH MILK WHOLE BOTTLE,unknown,BROOKSIDE DAIRY LIMITED,256.9544509151414,1.54,9.065,46.0,11819.904742096505,432.0,4533377.464789722,False,317.0,3620019.8208989436,False,57.0,2285731.2908846983,True
LITTLE DELIVERY 0-5KM,unknown,Unknown,189.46108179419525,-22.45,7.7375,82.0,15535.808707124012,497.0,5125132.288137148,False,318.0,3635555.6296060677,False,96.0,3038104.814931799,True
RINSUN 3LT SUNFLOWER OIL,unknown,Unknown,1093.8921865536038,11.53,3.1225,33.0,36098.442156268924,410.0,4396251.160093396,False,319.0,3671654.0717623364,False,35.0,1705179.7056947958,True
AQUAMIST 1LT MINERAL WATER,unknown,AQUAMIST LIMITED,76.51733939738487,18.65,7.14,43.0,3290.2455940875498,55.0,814238.8905701861,False,320.0,3674944.317356424,False,302.0,4726667.929856147,True
NEPTUNE 10S BLENDED TOILET PAPER,unknown,Unknown,367.97340425531917,20.89,2.875,31.0,11407.175531914894,306.0,3410408.361897037,False,321.0,3686351.492888339,False,154.0,3711252.8823018703,True
CS FRESH ORANGES IMPORTED (PLU NO. 276602),unknown,Unknown,302.28806419468134,16.4,7.0714,75.0,22671.6048146011,170.0,2257741.586429096,False,322.0,3709023.09770294,False,70.0,2541565.9727632697,True
CS FRESH PEPPERS GREEN (PLU NO. 276673),unknown,Unknown,172.2621842198805,18.95,3.1565,34.0,5856.914263475937,308.0,3420108.396476095,False,323.0,3714880.011966416,False,281.0,4628013.226755983,True
CS FRESH PEPPERS COL LONG(PLU NO. 276672),unknown,Unknown,329.6384418795516,17.89,2.8741,31.0,10218.791698266099,339.0,3671882.9967463873,False,324.0,3725098.8036646824,False,168.0,3824224.0213813153,True
AQUAMIST 20LT MINERAL WATER,unknown,AQUAMIST LIMITED,527.4720428413923,13.92,12.2475,74.0,39032.93117026303,37.0,538153.9881779209,False,325.0,3764131.7348349453,False,12.0,812565.1087227246,True
DASANI 1L MINERAL WATER,unknown,Unknown,57.746071653048396,22.07,5.6875,60.0,3464.764299182904,155.0,1989639.0657051671,False,326.0,3767596.499134128,False,370.0,5021131.776239946,True
FESTIVE 300G 6S PREM PLAIN BURGER BUNS,unknown,Unknown,120.0,13.05,5.5175,58.0,6960.0,263.0,3053747.6475858088,False,327.0,3774556.499134128,False,250.0,4429796.666876,True
CS FRESH ORANGES PIXIE (PLU NO. 276608),unknown,Unknown,267.74072446693447,14.58,2.9149,31.0,8299.962458474969,389.0,4119865.0357226287,False,328.0,3782856.461592603,False,201.0,4102581.659988032,True
PICK N PEEL 250ML APPLE,unknown,Unknown,71.16597510373444,24.41,5.985,63.0,4483.45643153527,140.0,1895556.7640901073,False,329.0,3787339.918024138,False,338.0,4892520.021621937,True
MT KENYA 500ML ESL UHT MILK,unknown,Unknown,56.98163972286374,12.93,16.4225,173.0,9857.823672055427,78.0,1148849.2498168976,False,330.0,3797197.7416961933,False,174.0,3871144.938435699,True
FANTA ORANGE PET 500ML,unknown,Unknown,66.06216139150271,12.51,6.6875,71.0,4690.413458796693,220.0,2688952.052269978,False,331.0,3801888.15515499,False,330.0,4856313.44879921,True
CS FRESH PINEAPPLES (PLU NO. 276674),unknown,Unknown,166.27089835063745,14.98,12.782,135.0,22446.571277336057,91.0,1299142.2523725054,False,332.0,3824334.7264323262,False,73.0,2607308.8277010117,True
SUPA LOAF WHITE BREAD 600G,unknown,Unknown,100.0,11.3,4.22,45.0,4500.0,368.0,3932882.0499400552,False,333.0,3828834.7264323262,False,341.0,4902366.237138693,True
DAIMA 500ML FINO MAZIWA BORA,unknown,Unknown,47.65679747722495,10.32,21.41,225.0,10722.779432375613,71.0,1012090.5510017355,False,334.0,3839557.5058647017,False,158.0,3754176.248291368,True
FANTA 330ML ORANGE CAN,unknown,Unknown,96.18051409185803,21.48,7.415,78.0,7502.080099164927,122.0,1709303.2450990372,False,335.0,3847059.5859638667,False,237.0,4349299.864505349,True
CS GRAPES RED PER PNT PLU76017,unknown,Unknown,412.24984266834485,15.89,9.205,97.0,39988.23473882945,139.0,1891073.307658572,False,336.0,3887047.820702696,False,28.0,1483826.0416495407,True
NATURES 600G BROWN BREAD,unknown,Unknown,100.0,10.63,2.5625,27.0,2700.0,435.0,4538822.924378977,False,337.0,3889747.820702696,False,406.0,5130145.777603492,True
PICK N PEEL 250ML MANGO,unknown,Unknown,70.76268151311776,24.01,7.125,75.0,5307.201113483831,110.0,1642576.3336486402,False,338.0,3895055.02181618,False,329.0,4851623.0353404125,True
FC 1KG (14D) BEEF VALUE SAUSAGES,unknown,Unknown,711.2399941107185,9.63,3.0075,32.0,22759.679811542992,429.0,4516201.391558358,False,339.0,3917814.701627723,False,59.0,2332855.784856869,True
SPRITE 330ML CAN REGULAR,unknown,Unknown,96.52882128159905,20.6,7.3125,77.0,7432.719238683127,131.0,1771009.1181088162,False,340.0,3925247.420866406,False,259.0,4485948.23318322,True
CS FRESH LEMONS ROUGH (PLU NO. 276453),unknown,Unknown,177.51195861104944,18.02,3.1503,34.0,6035.406592775681,323.0,3516266.616137253,False,341.0,3931282.8274591817,False,273.0,4584622.429695262,True
FRESH KENCHIC CHICKEN DRUMSTICKS PLU 86749,unknown,Unknown,868.1132402103067,19.6,3.0924,33.0,28647.73692694012,304.0,3392212.7450756617,False,342.0,3959930.564386122,False,48.0,2085244.2912335724,True
SUNLIGHT 80G PURE SOAP,unknown,Unknown,28.0032401782098,5.73,4.915,52.0,1456.1684892669095,430.0,4517657.560047626,False,343.0,3961386.732875389,False,455.0,5231026.987613122,True
SUNLIGHT 175G PURE SOAP YELLOW,unknown,Unknown,71.24090757424091,12.28,5.525,59.0,4203.2135468802135,277.0,3144759.3275436885,False,344.0,3965589.946422269,False,347.0,4929344.596863536,True
ISINYA 30S EGGS,unknown,Unknown,541.2829822616408,9.35,8.4,89.0,48174.18542128603,239.0,2843245.904627124,False,345.0,4013764.1318435553,False,18.0,1122210.1141848739,True
SNICKERS 2X70G CHOCO BAR,unknown,Unknown,221.5061919504644,23.18,0.2175,3.0,664.5185758513932,474.0,4842177.54413916,False,346.0,4014428.6504194066,False,286.0,4645993.719490887,True
CS FRESH PARSELY S/S BCH (PLU NO. 276657),unknown,Unknown,24.139178418148376,17.42,3.0975,33.0,796.5928877988964,332.0,3622402.648477204,False,347.0,4015225.2433072054,False,487.0,5265904.106257329,True
FRESHA 2LT WHOLE MILK,unknown,Unknown,210.0,13.0,2.8075,30.0,6300.0,408.0,4347641.5269793635,False,348.0,4021525.2433072054,False,269.0,4562144.07164318,True
BIO 90ML VANILLA,unknown,BIO FOOD PRODUCTS LTD,79.0,19.99,3.54,18.0,1422.0,145.0,1916983.9160224134,False,349.0,4022947.2433072054,False,403.0,5121271.786330518,True
FANTA PASSION PET 2LTS,unknown,Unknown,152.71952762547448,7.76,4.2775,45.0,6872.378743146352,416.0,4425867.214706603,False,350.0,4029819.622050352,False,242.0,4381745.704585436,True
BROOKSIDE 250G NATURAL PROBIOTIC YOGHURT,unknown,BROOKSIDE DAIRY LIMITED,92.8975801913337,5.02,3.2325,17.0,1579.2588632526729,419.0,4433159.997120397,False,351.0,4031398.8809136045,False,381.0,5057355.79557235,True
KINGSMIL 200G SLICED WHITE BREAD,unknown,Unknown,35.00285062713797,13.01,3.0025,32.0,1120.091220068415,401.0,4274620.315150266,False,352.0,4032518.972133673,False,469.0,5248036.827149396,True
CS FRESH ICEBERG HYDRO(PLU NO. 76456),unknown,Unknown,90.8267980708744,15.6,9.27,98.0,8901.02621094569,141.0,1904457.790301053,False,353.0,4041419.9983446184,False,208.0,4157577.547336678,True
TROP HEAT 18G SAFARI CHEESE,unknown,Unknown,20.0,27.27,2.65,28.0,560.0,260.0,3015932.1565919537,False,354.0,4041979.9983446184,False,496.0,5271955.337326974,True
FC 200G (14D) FRESH PORK CHIPOLATA,unknown,Unknown,223.37199725463282,23.5,2.735,29.0,6477.787920384351,288.0,3220339.859006437,False,355.0,4048457.7862650026,False,260.0,4492426.021103605,True
LAKI LAKI 150ML GREEK YOGHURT NATURAL,unknown,Unknown,115.0,25.36,3.395,36.0,4140.0,215.0,2635228.3180227135,False,356.0,4052597.7862650026,False,350.0,4942532.920805999,True
MILL BAKERS 300G  ENGLISH MUFFINS,unknown,Unknown,132.0,14.39,3.5125,37.0,4884.0,347.0,3743241.7261392684,False,357.0,4057481.7862650026,False,312.0,4779148.648133519,True
MAYERS 1L SPARKLING WATER PLASTIC,unknown,Unknown,96.23344887348354,16.4,11.03,116.0,11163.08006932409,99.0,1352585.9502035093,False,358.0,4068644.8663343266,False,153.0,3699845.7067699553,True
AQUAMIST 1.5LT MINERAL WATER,unknown,AQUAMIST LIMITED,92.25226586102718,20.73,5.87,36.0,3321.0815709969784,62.0,858164.1282522372,False,359.0,4071965.9479053235,False,270.0,4565465.153214177,True
FC 500G (14D) FRESH SAFARI BEEF SAUSAGE,unknown,Unknown,366.18465430016863,10.29,4.385,47.0,17210.678752107924,376.0,3992432.5731768366,False,360.0,4089176.6266574315,False,94.0,3005733.9867635975,True
EXE 1KG ALL PURPOSE,unknown,UNGA LTD,85.6139044072005,5.53,2.915,38.0,3253.3283674736185,421.0,4443863.760270479,False,361.0,4092429.955024905,False,405.0,5127445.777603492,True
FLORA 100S SERVIETTES WHITE,unknown,Unknown,89.61292775665399,23.53,2.205,24.0,2150.7102661596955,337.0,3653807.2882763683,False,362.0,4094580.665291065,False,420.0,5164621.410009,True
GUINNESS 500ML CAN,unknown,Unknown,228.6913083098286,7.75,9.48,100.0,22869.13083098286,255.0,2992601.121673377,False,363.0,4117449.7961220476,False,75.0,2652926.316084576,True
CADBURY 90G DRINKING CHOCOLATE SACHET,unknown,Unknown,105.91852745926373,18.74,3.1175,33.0,3495.311406155703,315.0,3460518.0216033063,False,364.0,4120945.107528203,False,376.0,5041183.721421092,True
FANTA PASSION 500ML PET,unknown,Unknown,66.5160539785947,14.02,3.9525,42.0,2793.6742671009774,327.0,3593087.3330301275,False,365.0,4123738.7817953043,False,399.0,5112958.137896413,True
FESTIVE 600G FAMILY BRWN BREAD,unknown,Unknown,100.00024752475248,10.63,7.42,78.0,7800.019306930693,237.0,2785183.4318765868,False,366.0,4131538.801102235,False,216.0,4215160.20825617,True
KIRICHWA 2KG ICE CUBES,unknown,Unknown,200.0,30.5,5.45,58.0,11600.0,112.0,1665483.9702038153,False,367.0,4143138.801102235,False,144.0,3611076.628311941,True
RIBENA 250ML BC&STRAWBERRY,unknown,Unknown,87.85521462312589,16.06,10.035,106.0,9312.652750051344,118.0,1691282.7499575703,False,368.0,4152451.453852286,False,210.0,4174684.253199638,True
FC 1KG (14D) FRESH PORK VALUE PACK,unknown,Unknown,701.1199207606973,11.26,3.4475,37.0,25941.4370681458,403.0,4304521.752218411,False,369.0,4178392.890920432,False,51.0,2149881.995792479,True
STIMOROL 14G 10S WILD BERRY,unknown,Unknown,65.0042270531401,31.75,3.4725,37.0,2405.156400966184,175.0,2272564.0123326797,False,370.0,4180798.047321398,False,426.0,5179293.254724036,True
FESTIVE 800G SUPREME WHOLE MEAL,unknown,Unknown,130.0,7.27,7.025,74.0,9620.0,343.0,3697271.615178356,False,371.0,4190418.047321398,False,185.0,3973848.906368406,True
INDOMIE PROM PACK CHICKEN FLV 5S,unknown,Unknown,135.60403916768666,15.17,5.9325,63.0,8543.05446756426,203.0,2520830.1619302467,False,372.0,4198961.101788962,False,203.0,4118617.3782085106,True
FELIX 85G CAT TROUT,unknown,Unknown,183.2044117647059,23.82,2.6075,28.0,5129.723529411765,297.0,3296908.0357570676,False,373.0,4204090.825318374,False,322.0,4824458.338220467,True
PICK N PEEL 1LT TROPICAL MIX,unknown,Unknown,260.21808761187,21.87,3.5975,38.0,9888.28732925106,238.0,2795071.7192058377,False,374.0,4213979.112647625,False,155.0,3721141.169631121,True
NATURES 400G GOLD  BROWN,unknown,Unknown,65.00242248062015,10.0,3.9075,42.0,2730.1017441860463,400.0,4273500.223930197,False,375.0,4216709.214391811,False,411.0,5144209.938380734,True
ANDEGO 3G SUPER GLUE,unknown,Unknown,50.0,34.26,3.065,33.0,1650.0,180.0,2320723.0790644367,False,376.0,4218359.214391811,False,449.0,5221653.372455206,True
MAYERS 500ML SPARKLING WATER PLASTIC,unknown,Unknown,74.33356940509915,19.08,7.7675,82.0,6095.3526912181305,135.0,1803264.4798311342,False,377.0,4224454.567083029,False,264.0,4521647.310789065,True
SMIRNOFF ICE BLACK 330ML CAN,unknown,Unknown,202.39977851605758,15.57,3.465,37.0,7488.791805094131,333.0,3629891.4402822983,False,378.0,4231943.358888123,False,239.0,4364265.689153025,True
SPRITE PET 500ML,unknown,Unknown,66.09310260784791,12.69,8.17,86.0,5684.00682427492,181.0,2326407.0858887117,False,379.0,4237627.365712398,False,299.0,4714572.6740830485,True
KENYLON 420G BAKED BEANS IN SAUCE EOT,unknown,Unknown,135.8686365254539,18.93,1.7375,19.0,2581.504093983624,417.0,4428448.718800587,False,380.0,4240208.869806381,False,226.0,4270431.036125037,True
SUNRICE 2KG RICE BASMATI,unknown,Unknown,612.6935237123917,17.19,1.1925,13.0,7965.0158082610915,447.0,4597591.9342988795,False,381.0,4248173.885614642,False,60.0,2340820.80066513,True
AMOO 500ML ESL WHOLE MILK,unknown,Unknown,44.962829736211035,5.05,8.34,88.0,3956.7290167865713,393.0,4153283.7086273734,False,382.0,4252130.614631428,False,423.0,5173268.178949337,True
RED BULL 250ML CAN,unknown,Unknown,211.83755307741797,20.49,8.5925,91.0,19277.217330045034,106.0,1517541.2912999317,False,383.0,4271407.831961473,False,84.0,2825288.4488914134,True
BROOKSIDE 450G PROBIOTIC FRUIT CUP YOGHURT VANILLA,unknown,BROOKSIDE DAIRY LIMITED,158.3306744017404,4.49,2.655,14.0,2216.6294416243654,445.0,4584816.9184906185,False,384.0,4273624.461403098,False,342.0,4904582.866580318,True
ROTHMANS OF LONDON 20S,unknown,Unknown,365.0,5.53,7.9366666666666665,84.0,30660.0,382.0,4083776.2768477364,False,385.0,4304284.461403098,False,93.0,2988523.3080114895,True
CADBURY 44G LUNCH BAR,unknown,Unknown,159.88576449912128,15.54,1.7525,19.0,3037.829525483304,436.0,4541860.75390446,False,386.0,4307322.290928581,False,296.0,4702815.114305418,True
PICK N PEEL 250ML TROPICAL MIX,unknown,Unknown,70.80053191489361,24.09,6.6025,70.0,4956.037234042553,124.0,1730954.7481352407,False,387.0,4312278.328162624,False,348.0,4934300.634097579,True
THE STANDARD NEWSPAPER,unknown,Unknown,60.0,12.39,2.8,30.0,1800.0,412.0,4412697.028329869,False,388.0,4314078.328162624,False,439.0,5204981.7907179585,True
DUNHILL 20S DOUBLE CAP,unknown,Unknown,470.0,7.16,6.735,71.0,33370.0,364.0,3916663.845641114,False,389.0,4347448.328162624,False,37.0,1773896.7903427375,True
LYONS 60ML TOFF N CHOCO W NUTS STICKLINE,unknown,Unknown,68.72631578947369,23.61,4.135,44.0,3023.9578947368423,187.0,2358013.905285087,False,390.0,4350472.2860573605,False,407.0,5133169.735498229,True
BIO 1L FRESH SKIMMED MILK,unknown,BIO FOOD PRODUCTS LTD,153.88448844884488,11.22,2.7475,14.0,2154.3828382838283,299.0,3308021.1929144175,False,391.0,4352626.668895644,False,328.0,4846315.834226929,True
CS FRESH ONIONS WHITE (PLU NO. 276611),unknown,Unknown,178.95996747055753,16.51,2.8269,30.0,5368.799024116726,373.0,3967750.2658542767,False,392.0,4357995.467919761,False,307.0,4753480.165251564,True
SANTA LUCIA 400G SPAGHETTI,unknown,Unknown,165.88636363636363,13.7,3.1,33.0,5474.25,390.0,4125339.2857226287,False,393.0,4363469.717919761,False,279.0,4616551.704151819,True
CS FRESH LIMES MOMBASA (PLU NO. 276458),unknown,Unknown,204.09783585750128,17.56,3.1019,33.0,6735.228583297542,329.0,3606522.4508642396,False,394.0,4370204.946503059,False,248.0,4420676.473796415,True
BROADWAY 800G WHITE SANDWICH SLICED BREAD,unknown,Unknown,130.0015479876161,15.39,2.4225,26.0,3380.0402476780187,405.0,4312829.792466089,False,395.0,4373584.986750737,False,379.0,5052113.536709097,True
MINUTE MAID 400ML TROPICAL JUICE,unknown,Unknown,77.69658237547893,18.81,2.6,28.0,2175.50430651341,361.0,3866506.90501565,False,396.0,4375760.491057251,False,435.0,5197523.81188928,True
KETEPA 500G FAHARI YA KENYA,unknown,Unknown,241.93283976731888,14.19,3.545,38.0,9193.447911158117,349.0,3757774.079455832,False,397.0,4384953.938968409,False,193.0,4036875.314782857,True
CS FRESH KUNDE PLU:276902,unknown,Unknown,35.0,17.5,4.4075,47.0,1645.0,247.0,2894694.6508779516,False,398.0,4386598.938968409,False,450.0,5223298.372455206,True
SUPA 400G BARREL WHITE BREAD,unknown,Unknown,65.00155642023347,10.93,2.475,26.0,1690.0404669260702,437.0,4543550.794371386,False,399.0,4388288.979435335,False,441.0,5208354.313943505,True
FC 500G (14D) FRESH CLASSIC PORK SAUSAGE,unknown,Unknown,367.9762046400952,11.42,3.1925,34.0,12511.190957763238,409.0,4360152.717937127,False,400.0,4400800.170393098,False,135.0,3514803.4494920033,True
SCHWEPPES SODA WATER 500ML PET,unknown,Unknown,75.67041857193107,10.35,9.785,103.0,7794.0531129088995,184.0,2337907.11401122,False,401.0,4408594.223506007,False,209.0,4165371.6004495868,True
CS FRESH SPRING ONIONS (PLU NO.276717),unknown,Unknown,156.2851805728518,17.25,4.5475,48.0,7501.688667496886,240.0,2850747.5932946205,False,402.0,4416095.912173504,False,229.0,4290986.070473483,True
SUPA 600G WHITE BUTTER TOAST,unknown,Unknown,100.0,11.3,3.7675,40.0,4000.0,388.0,4111565.0732641537,False,403.0,4420095.912173504,False,353.0,4952569.422874346,True
NESCAFE 1.5G CLASSIC SACHET,unknown,Unknown,9.138167630835463,12.67,2.155,23.0,210.17785550921565,434.0,4536122.924378977,False,404.0,4420306.090029013,False,459.0,5235179.214270188,True
WRIGLEYS ORBIT 10S PEPPERMINT SF,unknown,Unknown,68.59226804123712,24.21,7.705,81.0,5555.973711340207,96.0,1333731.4330634195,False,405.0,4425862.063740353,False,305.0,4743358.7917593615,True
CS FRESH CUCUMBER ENGLISH (PLU NO. 276127),unknown,Unknown,210.35249601100472,18.29,2.6588,28.0,5889.869888308132,363.0,3883293.845641114,False,406.0,4431751.933628662,False,272.0,4578587.023102486,True
LUCOZADE 250ML BOOST TETRA,unknown,Unknown,88.01063829787235,16.2,5.1025,54.0,4752.574468085107,228.0,2733452.1988494718,False,407.0,4436504.508096747,False,306.0,4748111.366227447,True
BROADWAY 400G NATURAL BROWN BREAD,unknown,Unknown,65.00242013552759,15.39,4.04,43.0,2795.104065827686,296.0,3291778.3122276557,False,408.0,4439299.612162575,False,410.0,5141479.836636548,True
VELVEX SNOW WHITE 10 PACK,unknown,Unknown,457.2262443438914,12.43,5.1375,54.0,24690.217194570134,290.0,3258831.4015741413,False,409.0,4463989.829357145,False,52.0,2174572.212987049,True
FANTA BLACKCURRANT PET 500ML,unknown,Unknown,66.17336433078711,13.0,5.7875,61.0,4036.5752241780137,253.0,2951878.3213708797,False,410.0,4468026.404581323,False,356.0,4964442.270259058,True
CLOVERS 100G BI-CARBONATE OF SODA BOX PACK,unknown,Unknown,24.618384401114206,27.05,2.56,27.0,664.6963788300835,271.0,3082369.5536461277,False,411.0,4468691.100960153,False,491.0,5268744.885939584,True
LEADAV YELLOW YOLK EGGS 30PACK TRAY,unknown,Unknown,488.0215633423181,13.85,3.045,32.0,15616.690026954178,392.0,4149326.979610587,False,412.0,4484307.790987107,False,113.0,3266018.4123076084,True
DAIMA 500ML NATURAL PROBIOTIC CUP,unknown,BIO FOOD PRODUCTS LTD,118.43586387434554,18.94,4.33,22.0,2605.589005235602,113.0,1668089.5592090508,False,413.0,4486913.379992343,False,298.0,4708888.667258774,True
BROOKSIDE 500ML NATURAL LALA BOTTLE,unknown,BROOKSIDE DAIRY LIMITED,90.00267290344136,2.23,11.525,58.0,5220.155028399599,340.0,3677103.151774787,False,414.0,4492133.535020743,False,161.0,3774561.1633524606,True
CS HASH AVOCADO PKG PLU6011,unknown,Unknown,159.8157922845495,16.17,4.2714,45.0,7191.710652804728,272.0,3089561.2642989326,False,415.0,4499325.2456735475,False,244.0,4396025.643206888,True
CS FRESH GINGER ROOT (PLU NO. 276256),unknown,Unknown,363.92572480968346,16.3,3.0702,33.0,12009.548918719554,351.0,3780485.161299513,False,416.0,4511334.794592267,False,140.0,3569796.194688858,True
HOSTESS 2KG PREMIUM MAIZE FLOUR,unknown,UNGA LTD,176.3683628318584,4.33,6.026666666666666,77.0,13580.363938053097,473.0,4841513.025563308,False,417.0,4524915.15853032,False,263.0,4515551.958097847,True
COKE 1.25L PET,unknown,COCA COLA BEVERAGES KENYA LTD,127.81345965370794,13.33,6.0675,31.0,3962.217249264946,116.0,1679417.3857173033,False,418.0,4528877.375779585,False,222.0,4247662.435977068,True
TWIX TWIN BAR 50G,unknown,Unknown,172.0764584052468,25.75,12.6825,134.0,23058.24542630307,41.0,593854.9632467356,False,419.0,4551935.621205888,False,81.0,2770637.2897356283,True
DASANI 500ML MINERAL WATER,unknown,Unknown,33.58830908178625,22.58,7.16,76.0,2552.711490215755,117.0,1681970.097207519,False,420.0,4554488.3326961035,False,412.0,5146762.64987095,True
BROADWAY 400G WHITE SLICED BREAD,unknown,Unknown,65.0,15.38,5.4725,58.0,3770.0,218.0,2672742.6186450683,False,421.0,4558258.3326961035,False,372.0,5028477.857727988,True
MINUTE MAID 1L APPLE JUICE,unknown,Unknown,144.16217672413794,16.03,3.545,38.0,5478.162715517242,322.0,3510231.2095444775,False,422.0,4563736.4954116205,False,303.0,4732146.092571664,True
KABARNET 500ML MINERAL WATER,unknown,Unknown,27.04468085106383,19.89,3.3075,35.0,946.5638297872341,283.0,3197486.019921063,False,423.0,4564683.059241408,False,479.0,5259243.57794251,True
ILARA 500ML MAZIWA LALA,unknown,BROOKSIDE DAIRY LIMITED,90.0,2.23,8.745,44.0,3960.0,402.0,4278580.315150266,False,424.0,4568643.059241408,False,220.0,4239875.218727803,True
COCA COLA 300ML EMPTY BOTTLE,unknown,Unknown,15.0,0.01,10.6825,113.0,1695.0,479.0,4876670.483519517,False,425.0,4570338.059241408,False,447.0,5218337.372455206,True
BIO 150ML MANGO YOGHURT,unknown,BIO FOOD PRODUCTS LTD,118.37739463601532,19.58,4.15,21.0,2485.925287356322,114.0,1670575.4844964072,False,426.0,4572823.984528764,False,323.0,4826944.263507823,True
NATURES 800G WHITE BREAD,unknown,Unknown,130.0020352781547,7.27,8.0075,85.0,11050.17299864315,318.0,3493744.6250507967,False,427.0,4583874.157527408,False,146.0,3627716.121391903,True
MUMIAS 2KG SUGAR,unknown,Unknown,320.78859609944914,7.4,4.0875,43.0,13793.909632276313,424.0,4465667.635736593,False,428.0,4597668.067159684,False,24.0,1323241.0067912478,True
SUNRICE 5KG RICE BASMATI,unknown,Unknown,1381.1356898517674,10.78,1.005,11.0,15192.492588369441,465.0,4732314.7155351965,False,429.0,4612860.559748054,False,19.0,1137402.6067732433,True
SUPA 400G WHITE SLICED BREAD CT,unknown,Unknown,65.0,10.92,5.725,61.0,3965.0,294.0,3287245.0315580545,False,430.0,4616825.559748054,False,359.0,4978009.89897428,True
DAIMA 500ML UHT PLAIN FINO 180DAYS,unknown,Unknown,52.27313054499366,6.66,2.4025,26.0,1359.1013941698352,456.0,4661623.79624331,False,431.0,4618184.6611422235,False,444.0,5213259.195851432,True
BROOKSIDE 250G PROBIOTIC FRUIT CUP YOGHURT STRAWBERRY,unknown,BROOKSIDE DAIRY LIMITED,92.65077319587628,4.98,2.9725,15.0,1389.7615979381442,426.0,4472723.363622261,False,432.0,4619574.422740161,False,398.0,5110164.463629312,True
BALOZI 500ML CAN,unknown,Unknown,205.53616982654296,5.49,9.025,95.0,19525.93613352158,358.0,3847370.4996381495,False,433.0,4639100.358873683,False,79.0,2728166.296867925,True
SOFTLEAF 10S VIRGIN TOILET PAPER,unknown,Unknown,431.8622197922362,21.25,3.725,40.0,17274.488791689448,236.0,2777383.412569656,False,434.0,4656374.847665372,False,106.0,3182947.875584577,True
AJAB 2KG HOME BAKING FLOUR,unknown,Unknown,159.67853467791727,0.38,21.6325,228.0,36406.70590656514,470.0,4799186.52823528,False,435.0,4692781.553571938,False,21.0,1221862.9269121725,True
ALWAYS 14S MAXI THICK EX/LONG DAY/NIGHT,unknown,Unknown,196.7287784679089,-5.41,2.82,30.0,5901.8633540372675,488.0,5035924.681285888,False,436.0,4698683.416925975,False,287.0,4651895.582844924,True
BROOKSIDE 1LT NATURAL YOGHURT,unknown,BROOKSIDE DAIRY LIMITED,225.0,6.22,3.3475,17.0,3825.0,394.0,4157108.7086273734,False,437.0,4702508.416925975,False,221.0,4243700.218727803,True
MAYERS 500ML STILL MINERAL WATER,unknown,Unknown,47.86882332029862,7.33,5.4975,58.0,2776.39175257732,397.0,4238876.427409984,False,438.0,4705284.8086785525,False,409.0,5138684.73257072,True
BROOKSIDE 1LT UHT LOWFAT MILK,unknown,BROOKSIDE DAIRY LIMITED,152.91390728476821,-0.06,6.07,31.0,4740.3311258278145,483.0,4926288.5631932635,False,439.0,4710025.13980438,False,167.0,3814005.229683049,True
SPRITE 300ML,unknown,Unknown,40.0,20.82,2.8625,31.0,1240.0,309.0,3421348.396476095,False,440.0,4711265.13980438,False,475.0,5255365.454083461,True
TUSKER MALT LAGER 500ML CAN,unknown,Unknown,262.9128166915052,10.05,4.8825,52.0,13671.466467958271,360.0,3864331.400709137,False,441.0,4724936.606272338,False,117.0,3315781.5412625396,True
BUTTERFLY 1KG SOOJI (SEMOLINA),unknown,Unknown,207.69535673839184,16.68,3.395,36.0,7477.032842582106,324.0,3523743.648979835,False,442.0,4732413.63911492,False,238.0,4356776.897347931,True
COKE ZERO SUGAR 300ML,unknown,COCA COLA BEVERAGES KENYA LTD,40.0,20.83,5.815,30.0,1200.0,63.0,859364.1282522372,False,443.0,4733613.63911492,False,419.0,5162470.699742841,True
SOFTLEAF TWIN SERVIETTES,unknown,Unknown,188.55751587861678,23.46,2.825,30.0,5656.725476358503,282.0,3196539.456091276,False,444.0,4739270.364591278,False,304.0,4737802.818048022,True
BIO 200ML GREEK STYLE YOGHURT VANILLA,unknown,BIO FOOD PRODUCTS LTD,172.2523148148148,16.87,5.2225,27.0,4650.8125,104.0,1473390.8029448017,False,445.0,4743921.177091278,False,198.0,4077859.096669874,True
BROOKSIDE 500ML SWEET LALA BOTTLE,unknown,BROOKSIDE DAIRY LIMITED,95.000351000351,2.11,5.795,29.0,2755.010179010179,444.0,4582600.289048994,False,446.0,4746676.187270288,False,300.0,4717327.684262059,True
BROOKSIDE 450ML NATURAL YOGHURT CUP,unknown,BROOKSIDE DAIRY LIMITED,168.90105263157895,8.47,2.835,15.0,2533.5157894736844,365.0,3919197.3614305877,False,447.0,4749209.703059762,False,326.0,4839233.451388645,True
BROADWAYS 600G WHITE BREAD,unknown,BROADWAYS BAKERY LTD,99.0057215511761,16.12,2.975,15.0,1485.0858232676414,191.0,2385238.617907666,False,448.0,4750694.7888830295,False,388.0,5079497.651628565,True
MT KENYA 500ML PREMIUM TFA MILK,unknown,Unknown,59.4990990990991,12.06,3.9775,42.0,2498.9621621621623,366.0,3921696.32359275,False,449.0,4753193.751045192,False,413.0,5149261.612033112,True
SOKO 2KG HOMEBAKING FLOUR,unknown,Unknown,150.37231680236863,1.48,2.185,23.0,3458.5632864544787,478.0,4874975.483519517,False,450.0,4756652.314331646,False,354.0,4956027.986160801,True
FESTIVE TORTILLA WRAP 10 INCH,unknown,Unknown,359.3928035982009,24.87,2.385,26.0,9344.212893553224,313.0,3451839.070397262,False,451.0,4765996.527225199,False,182.0,3943312.5305397357,True
BROOKSIDE 250ML UHT LOW FAT MILK,unknown,BROOKSIDE DAIRY LIMITED,42.0,4.76,2.7625,14.0,588.0,440.0,4569417.301433997,False,452.0,4766584.527225199,False,474.0,5254125.454083461,True
KABRAS 2KG WHITE SUGAR,unknown,Unknown,319.8760713783898,7.29,12.7825,135.0,43183.26963608262,198.0,2487382.6859690915,False,453.0,4809767.796861282,False,22.0,1265046.1965482552,True
KENYLON 420G CHICK PEAS,unknown,Unknown,177.9635135135135,17.93,2.8125,30.0,5338.905405405405,348.0,3748580.631544674,False,454.0,4815106.702266687,False,309.0,4763837.009474101,True
FESTIVE 400G POUNDCAKE SLICED VANILLA,unknown,Unknown,176.0,14.86,2.5925,28.0,4928.0,404.0,4309449.752218411,False,455.0,4820034.702266687,False,327.0,4844161.451388645,True
BROOKSIDE 250ML VANILLA,unknown,BROOKSIDE DAIRY LIMITED,68.6369824163358,2.38,3.5125,18.0,1235.4656834940442,455.0,4660264.69484914,False,456.0,4821270.16795018,False,418.0,5161270.699742841,True
BLUE BAND 500G MED FAT SPREAD,unknown,Unknown,274.522515692902,3.39,3.8725,41.0,11255.423143408982,462.0,4707472.051957203,False,457.0,4832525.59109359,False,149.0,3660538.636708742,True
SAFARI KING 500ML DRINKING WATER,unknown,Unknown,27.172252863809927,32.54,4.295,46.0,1249.9236317352565,148.0,1936258.1414783516,False,458.0,4833775.514725325,False,464.0,5241833.1425856985,True
MINUTE MAID 1L TROPICAL JUICE,unknown,Unknown,146.15309672929715,17.17,2.585,28.0,4092.28670842032,381.0,4053116.2768477364,False,459.0,4837867.801433745,False,349.0,4938392.920805999,True
FRESHA 500ML ASEPTIC WHOLE MILK,unknown,Unknown,54.000335457900036,5.96,5.4925,58.0,3132.019456558202,418.0,4431580.738257145,False,460.0,4840999.820890303,False,383.0,5063182.368179461,True
BIO ACTIVE 350ML BLKBRRY N RSPBRRY YOG DRINK,unknown,BIO FOOD PRODUCTS LTD,154.48498498498498,17.66,2.7075,14.0,2162.7897897897897,192.0,2387401.407697456,False,461.0,4843162.610680092,False,351.0,4944695.710595788,True
KCC 500ML FRESH WHOLE MILK TFA 21,unknown,NEW KENYA COOP CREAMERIES  LTD,52.90743440233236,10.04,12.5825,63.0,3333.168367346939,59.0,839761.5166282261,False,462.0,4846495.779047439,False,241.0,4374873.325842289,True
HANAN 10PK TISSUE PAPER,unknown,Unknown,441.4214169381107,3.96,3.4425,37.0,16332.592426710096,459.0,4680402.618290431,False,463.0,4862828.371474149,False,72.0,2584862.2564236755,True
TUSKER 500ML CIDER CAN,unknown,Unknown,256.28717825189267,11.1,2.3925,26.0,6663.46663454921,439.0,4568829.301433997,False,464.0,4869491.838108698,False,233.0,4324254.402050626,True
OREO 128G ORIGINAL,unknown,Unknown,154.96410256410257,15.03,3.3025,35.0,5423.74358974359,355.0,3795923.7849246277,False,465.0,4874915.581698442,False,274.0,4590046.173285006,True
KERINGET 1LT SPARKLING MINERAL WATER,unknown,Unknown,105.32640112795207,21.19,5.585,59.0,6214.257666549172,165.0,2137973.238959061,False,466.0,4881129.839364991,False,276.0,4602298.414483119,True
KENYLON 420G SWEETCORN OFF COB EOT,unknown,Unknown,154.8951048951049,14.71,0.9075,10.0,1548.951048951049,461.0,4696216.628813794,False,467.0,4882678.790413941,False,340.0,4897866.237138693,True
FELIX 85G CHICKEN JUNIOR,unknown,Unknown,191.3223880597015,25.26,2.29,25.0,4783.059701492537,320.0,3501266.290072203,False,468.0,4887461.850115433,False,316.0,4799293.093451634,True
PICK N PEEL 1L ORANGE JUICE,unknown,Unknown,326.72013799051314,22.0,4.48,48.0,15682.56662354463,186.0,2354989.94739035,False,469.0,4903144.416738978,False,109.0,3220970.3708750852,True
PEMBE 2KG MAIZE MEAL,unknown,Unknown,147.00492978786974,-0.13,10.8725,115.0,16905.56692560502,484.0,4943194.130118868,False,470.0,4920049.9836645825,False,85.0,2842194.015817018,True
OXYRICH 1L SPRING WATER,unknown,Unknown,46.61588121368625,19.55,3.1325,33.0,1538.3240800516462,300.0,3309559.5169944693,False,471.0,4921588.307744634,False,452.0,5226340.560336397,True
BROOKSIDE 250ML STRAWBERRY,unknown,BROOKSIDE DAIRY LIMITED,68.60174237710018,2.33,3.265,17.0,1166.229620410703,457.0,4662790.025863721,False,472.0,4922754.537365045,False,425.0,5176888.0983230695,True
KINANGOP 500ML LONGLIFE MILK,unknown,Unknown,53.341081593927896,10.63,4.3275,46.0,2453.6897533206834,374.0,3970203.9556075973,False,473.0,4925208.227118366,False,424.0,5175721.868702658,True
VP 250G STRAWBERRIES,unknown,Unknown,294.2968676951847,11.95,4.4475,47.0,13831.95278167368,334.0,3643723.393063972,False,474.0,4939040.17990004,False,130.0,3464479.2409512918,True
JOGOO 2KG MAIZE MEAL,unknown,UNGA LTD,145.0065137354857,2.6,13.6025,174.0,25231.13338997451,472.0,4827932.661625255,False,475.0,4964271.313290015,False,78.0,2708640.3607344036,True
DELAMERE 250ML PREM WILD BERRIES YOG CUP,unknown,Unknown,86.61123798076923,2.65,3.1875,34.0,2944.7820913461537,468.0,4754085.183417586,False,476.0,4967216.095381361,False,397.0,5108774.702031374,True
FRESH KENCHIC WHOLE CHICKEN PLU 86742,unknown,Unknown,512.6279594720203,17.09,10.244,108.0,55363.81962297819,107.0,1572905.1109229098,False,477.0,5022579.91500434,False,16.0,1022187.6229123067,True
FAY TOILET PAPER WHITE 10S,unknown,Unknown,460.16320885200554,4.59,2.93,31.0,14265.059474412172,460.0,4694667.677764843,False,478.0,5036844.974478752,False,122.0,3368975.0161367464,True
MUMIAS 1KG SUGAR,unknown,Unknown,161.88475107800863,9.09,3.305,35.0,5665.966287730303,425.0,4471333.602024323,False,479.0,5042510.940766483,False,102.0,3121585.158487516,True
CS FRESH POTATO ALIKA (PLU. 276680),unknown,Unknown,171.1193778353856,13.7,3.2572,35.0,5989.178224238496,378.0,4015256.770862153,False,480.0,5048500.118990721,False,295.0,4699777.284779935,True
CHROME 250ML VODKA,unknown,Unknown,253.44892812105928,17.89,2.89,31.0,7856.916771752838,338.0,3661664.205048121,False,481.0,5056357.035762474,False,217.0,4223017.125027923,True
BALOZI 500ML BEER,unknown,Unknown,207.84195205479452,17.99,3.31,35.0,7274.468321917808,310.0,3428622.8647980127,False,482.0,5063631.5040843915,False,240.0,4371540.1574749425,True
MOLO UHT MILK 500ML ESL 90DAYS,unknown,Unknown,46.8919017955295,-15.16,5.6525,60.0,2813.51410773177,495.0,5097008.93015876,False,483.0,5066445.018192124,False,417.0,5160035.234059347,True
KCC 500ML FILPACK MALA,unknown,NEW KENYA COOP CREAMERIES  LTD,64.87843502561714,10.27,4.0525,21.0,1362.4471355379599,221.0,2690314.499405516,False,484.0,5067807.4653276615,False,402.0,5119849.786330518,True
KENCHIC COMM SET REGULAR MINCE PKG PLU86601,unknown,Unknown,691.3766982998854,10.6,3.6961,39.0,26963.691233695532,399.0,4270770.122186011,False,485.0,5094771.156561357,False,71.0,2568529.663996965,True
BROOKSIDE 500G SALTED BUTTER,unknown,BROOKSIDE DAIRY LIMITED,751.1418383518225,-5.81,4.775,24.0,18027.404120443738,494.0,5094195.416051028,False,486.0,5112798.5606818,False,30.0,1539926.3299074653,True
MENENGAI CREAM 1KG SOAP,unknown,Unknown,204.99869522882182,0.76,6.3225,67.0,13734.912580331062,475.0,4855912.456719491,False,487.0,5126533.473262131,False,127.0,3427749.0487555647,True
SPRITE 300ML EMPTY BOTTLE,unknown,Unknown,15.0,0.0,2.8625,31.0,465.0,480.5,4877135.483519517,False,488.0,5126998.473262131,False,499.0,5273331.856820125,True
COKE ZERO SUGAR 300ML EMPTY BOTTLE,unknown,COCA COLA BEVERAGES KENYA LTD,15.0,0.0,5.815,30.0,450.0,480.5,4877585.483519517,False,489.0,5127448.473262131,False,483.0,5262747.132080608,True
GOLD CROWN 500ML ASEPTIC LONG LIFE 24,unknown,Unknown,48.78465451462484,-1.88,8.255,87.0,4244.264942772361,489.0,5040168.946228661,False,490.0,5131692.738204904,False,333.0,4869692.8711780235,True
HEINEKEN 500ML CAN BEER,unknown,Unknown,284.62211668928086,6.28,4.6275,49.0,13946.483717774761,428.0,4493441.711746816,False,491.0,5145639.221922679,False,101.0,3115919.1921997857,True
BOUNTY 50G DOUBLE CHOCO BAR,unknown,Unknown,191.84373388344508,-15.81,1.3525,15.0,2877.656008251676,490.0,5043046.602236913,False,492.0,5148516.877930931,False,235.0,4333817.784406184,True
TUZO 250ML UHT WHOLE MILK,unknown,Unknown,40.0,5.0,2.985,32.0,1280.0,458.0,4664070.025863721,False,493.0,5149796.877930931,False,461.0,5237967.620745008,True
ESTILO 3D BAG CHANDARANA PRINTED,unknown,Unknown,40.0005947513196,10.0,7.29,77.0,3080.0457958516095,257.0,3005304.5191884264,False,494.0,5152876.923726782,False,162.0,3777641.209148312,True
MAYERS 1LT SPRING MINERAL WATER,unknown,Unknown,70.42862203329791,6.05,6.5925,70.0,4930.003542330854,398.0,4243806.430952315,False,495.0,5157806.927269113,False,357.0,4969372.273801389,True
DOLA 2KG HOMEBAKING  FLOUR,unknown,Unknown,146.398406374502,3.66,3.155,34.0,4977.545816733068,464.0,4717122.222946827,False,496.0,5162784.473085847,False,315.0,4794510.033750142,True
PEMBE 2KG HOMEBAKING,unknown,Unknown,152.62558294470352,0.63,5.18,55.0,8394.407061958695,477.0,4871516.9202330625,False,497.0,5171178.880147805,False,192.0,4027681.8668716988,True
RINA 5LT VEGETABLE OIL,unknown,Unknown,1217.3373702422145,-1.21,3.2225,34.0,41389.470588235294,486.0,4990855.488400622,False,498.0,5212568.350736041,False,25.0,1364630.477379483,True
AQUAMIST 20LT MINERAL WATER EMPTY BOTTLE,unknown,AQUAMIST LIMITED,955.0501249219238,8.9,2.845,18.0,17190.90224859463,345.0,3737644.2648389586,False,499.0,5229759.2529846355,False,3.0,163258.84289687691,True
KERINGET 18.9LT MINERAL WATER REFIL EMPTY BOTTLE,unknown,Unknown,999.153376089061,-0.08,4.1625,44.0,43962.74854791869,482.0,4921548.232067436,False,500.0,5273722.001532555,False,2.0,146067.9406482823,True
