Department,SKU_Count,Avg_Price,Avg_Daily_Sales,Total_Value,Capital_Weight,SKU_per_Million
AIR FRESHNERS,158,0.0,0.0809335443037974,0.0,0.0,1.3750822120315076
AIR/DEEP FRYERS,7,0.0,0.0157142857142857,0.0,0.0,0.0609213638241807
ALL CLEANERS,186,0.0,0.0933064516129032,0.0,0.0,1.6187676673282303
ANTISEPTIC,30,0.0,0.1058333333333333,0.0,0.0,0.2610915592464887
BABY COSMETICS,140,0.0,0.0694107142857142,0.0,0.0,1.2184272764836144
BABY FOODS,67,0.0,0.1087313432835821,0.0,0.0,0.5831044823171583
BABY ITEMS,41,0.0,0.0210365853658536,0.0,0.0,0.3568251309702013
BABY MILK,25,0.0,0.0445,0.0,0.0,0.2175762993720739
BAGS,27,5.555919751256899,4.529259259259259,2744039.0,0.0109739954138842,0.2349824033218399
BAKE WARE FOODS,155,0.4603005102185384,0.1716935483870967,110506.0,0.0004419369904023,1.3489730561068587
BAKE WARE ITEMS,59,0.0,0.0385169491525423,0.0,0.0,0.5134800665180946
BAKERY FOODPLUS,111,8.251569316036864,1.447509009009009,2647214.78,0.0105867747707983,0.9660387692120086
BAR SOAP,40,11.70269405840278,1.16625,1320634.98,0.0052815000857987,0.3481220789953184
BATH SOAP,314,0.0,0.1827707006369426,0.0,0.0,2.7327583201132493
BATTERIES,58,0.0,0.2226293103448275,0.0,0.0,0.5047770145432117
BEANS & LENTILS,95,0.0,0.3309736842105263,0.0,0.0,0.8267899376138812
BEDDINGS,6,0.0,0.02,0.0,0.0,0.0522183118492977
BEER,86,35.65612365962022,1.8746802325581395,15344367.61,0.0613653886774548,0.7484624698399345
BEVERAGES,70,1.5131218208466244,0.2836428571428571,175507.0,0.0007018898102776,0.6092136382418072
BISCUITS,654,0.8620806485392508,0.2536811926605504,1047630.0,0.0041896951229365,5.691795991573455
BLEACHES,85,0.0,0.1901764705882352,0.0,0.0,0.7397594178650516
BOOKS,25,0.0,0.0994999999999999,0.0,0.0,0.2175762993720739
BREAD,139,20.15846109622568,2.233075539568345,12805985.0,0.0512138568949898,1.2097242245087314
BREAKFAST CEREALS,184,0.0,0.1609510869565217,0.0,0.0,1.6013615633784646
BRUSHES & BROOMS,113,0.0,0.1059513274336283,0.0,0.0,0.9834448731617744
BUTTER,84,13.974145111032772,0.3374702380952381,2654604.0,0.0106163258327155,0.7310563658901686
CAKES,128,3.1796875,0.49798828125,627484.0,0.0025094419351495,1.113990652785019
CANDLES,138,0.0,0.0632427536231884,0.0,0.0,1.2010211725338484
CANNED DRINKS,78,2.5908727319192435,0.367724358974359,608285.1,0.0024326614518722,0.6788380540408708
CANNED FOOD,149,5.187694915220611,0.241996644295302,1498446.0,0.00599260416195,1.296754744257561
CANNED FRUITS,15,0.0,0.1911666666666666,0.0,0.0,0.1305457796232443
CANNED MEAT,78,0.0,0.1357692307692307,0.0,0.0,0.6788380540408708
CANNED MILK,13,0.0,0.2676923076923077,0.0,0.0,0.1131396756734784
CANNED SODA,42,9.210382340088705,1.2232738095238094,1933033.98,0.0077306138984914,0.3655281829450843
CAR ACCESSORIES,102,0.0,0.066813725490196,0.0,0.0,0.887711301438062
CARDS,31,0.0,0.0205645161290322,0.0,0.0,0.2697946112213717
CEREAL BARS,76,0.0,0.1197368421052631,0.0,0.0,0.661431950091105
CH. DRIED FRUIT/NUTS & SEEDS,40,0.0,0.06214,0.0,0.0,0.3481220789953184
CH. SPICES/OTHER ITEMS,64,0.0,0.0184703125,0.0,0.0,0.5569953263925095
CHEESE,264,3.780479170296378,0.2218181818181818,1439421.0,0.0057565506367251,2.2976057213691017
CHEVDA,53,1.1712780348878604,0.2699056603773584,82253.0,0.0003289472360918,0.4612617546687969
CHEWING GUM,142,2.176036073303715,0.5355281690140845,974751.0,0.0038982365059968,1.2358333804333803
CHINESS & THAI SAUCE,176,0.0,0.0414204545454545,0.0,0.0,1.5317371475794008
CHOCOLATES,608,3.6275165047435887,0.3248149671052632,6593399.0,0.0263684045262874,5.29145560072884
CIDERS,43,21.968077816910316,0.656046511627907,1659209.37,0.0066355310609848,0.3742312349199672
CIGARETTES,68,25.95591261901526,0.8442279411764707,10888218.0,0.0435442988956688,0.5918075342920412
CLING FILMS & FOIL,39,0.0,0.3291666666666666,0.0,0.0,0.3394190270204354
COCONUT MILK/ POWDER,58,1.2523725821818157,0.4932327586206896,339145.0,0.0013563129659023,0.5047770145432117
COCONUT OIL,26,0.0,0.1509615384615384,0.0,0.0,0.2262793513469569
COFFEE,269,0.1379539157586584,0.3091171003717472,141330.0,0.0005652087203732,2.3411209812435163
COFFEE MAKER/GRINDERS,5,0.0,0.0209999999999999,0.0,0.0,0.0435152598744148
COMPUTER ASS,1,0.0,0.0225,0.0,0.0,0.0087030519748829
CONCENTRATE JUICE,90,0.0,0.1306388888888889,0.0,0.0,0.7832746777394664
CONDOMS,28,0.0,0.071875,0.0,0.0,0.2436854552967228
COOKERS/OVENS/BURNERS,2,0.0,0.0212499999999999,0.0,0.0,0.0174061039497659
COOKING FAT,36,0.0,0.2270138888888888,0.0,0.0,0.3133098710957865
COOKING GAS,5,0.0,0.2185,0.0,0.0,0.0435152598744148
COOKING OIL,190,24.520121167573247,0.3023947368421052,9403583.0,0.0376069278592907,1.6535798752277624
COOKING SAUCE/PASTE,99,0.3774426508071368,0.2219444444444444,47979.0,0.0001918782225627,0.861602145513413
COSMETICS,314,0.0,0.0611066878980891,0.0,0.0,2.7327583201132493
COTTON WOOL/BUDS,50,0.0,0.1637,0.0,0.0,0.4351525987441479
CRISPBREAD,14,0.0,0.1307142857142857,0.0,0.0,0.1218427276483614
CRISPS,263,1.488318983531287,0.5960836501901141,1334849.0,0.005338344974043,2.2889026693942185
DELI CHEESE,16,0.0,0.0446875,0.0,0.0,0.1392488315981273
DELI HAM,12,0.0,0.1020583333333333,0.0,0.0,0.1044366236985955
DELI PRODUCT,41,0.0,0.0473975609756097,0.0,0.0,0.3568251309702013
DETERGENTS,212,0.0,0.252936320754717,0.0,0.0,1.8450470186751875
DIAPERS,144,0.0,0.0848090277777777,0.0,0.0,1.2532394843831465
DISCONTINUE ITEMS,2,0.0,0.02375,0.0,0.0,0.0174061039497659
DISH WASHING PASTE,53,0.0,0.2416509433962264,0.0,0.0,0.4612617546687969
DISINFECTANT,31,0.0,0.1598387096774193,0.0,0.0,0.2697946112213717
DIWALI ITEMS,45,0.0,0.0999444444444444,0.0,0.0,0.3916373388697332
DRIED FRUITS/NUTS,4,0.0,0.125625,0.0,0.0,0.0348122078995318
DRIED FRUITS/NUTS&SEEDS,114,0.0,0.1319517543859649,0.0,0.0,0.9921479251366574
DRIED MEAT,26,0.0,0.1303846153846153,0.0,0.0,0.2262793513469569
EGGS,52,59.67728515053542,1.5041346153846151,8125403.689999999,0.0324952170249834,0.4525587026939139
ELECTRICAL ITEMS,167,0.0,0.0555389221556886,0.0,0.0,1.453409679805454
EMPTIES/CRATES,47,23.29893882812604,1.0340425531914894,6424586.0,0.0256932854453253,0.4090434428194991
EMPTY BOTTLE 20LT,2,0.0,0.04375,0.0,0.0,0.0174061039497659
ENERGY DRINKS,45,9.696564962945672,0.8051666666666667,1545667.6,0.0061814533808701,0.3916373388697332
EYE WEAR,2,0.0,0.015,0.0,0.0,0.0174061039497659
FABRIC CONDITIONER,93,0.0,0.1543010752688172,0.0,0.0,0.8093838336641153
FAN/AIR CONDITIONERS,37,0.0,0.0225,0.0,0.0,0.3220129230706695
FLOUR,175,14.517676826757496,1.0474428571428571,11826041.72,0.0472948553572614,1.523034095604518
FLOWERS  SEEDS,5,0.0,0.8825,0.0,0.0,0.0435152598744148
FOOD COLOUR/ESSENCE,43,0.0,0.0905232558139534,0.0,0.0,0.3742312349199672
FOOD PROCESSORS/STEAMERS,2,0.0,0.0075,0.0,0.0,0.0174061039497659
FOOTWEAR,2,0.0,0.1137499999999999,0.0,0.0,0.0174061039497659
FRESH CREAM,38,9.28155217487165,0.4615131578947369,589360.0,0.0023569759530119,0.3307159750455525
FRESH FRUITS CS,7,0.0,0.0435714285714285,0.0,0.0,0.0609213638241807
FRESH GOURMET,249,16.97686285010399,0.5306044176706827,7777664.52,0.0311045341459106,2.167059941745857
FRESH MILK,110,46.24904850530863,11.091386363636364,48909856.0,0.1956009136305062,0.9573357172371256
FRESH VEG CS,5,0.0,0.02506,0.0,0.0,0.0435152598744148
FROZEN FISH/SEAFOOD,71,0.0,0.060912676056338,0.0,0.0,0.6179166902166902
FROZEN FRUITS,8,0.0,0.095625,0.0,0.0,0.0696244157990636
FROZEN GOURMET,208,0.0,0.1339509615384615,0.0,0.0,1.810234810775656
FROZEN VEGETABLE,120,0.0,0.1431875,0.0,0.0,1.044366236985955
GHEE,12,0.0,0.6997916666666666,0.0,0.0,0.1044366236985955
GHERKINS,17,0.0,0.0619117647058823,0.0,0.0,0.1479518835730103
GIFT WRAP&RIBBON,49,0.0,0.1058163265306122,0.0,0.0,0.426449546769265
GIFTWARE,8,0.0,0.035,0.0,0.0,0.0696244157990636
GLASSWARE ITEMS,187,0.0,0.0478877005347593,0.0,0.0,1.6274707193031137
GLOVES,37,0.0,0.0808108108108108,0.0,0.0,0.3220129230706695
General Merchandise,487,0.0,8.305916016427103,0.0,0.0,4.238386311768001
HAIR ACCESSORIES,48,0.0,0.1169791666666666,0.0,0.0,0.417746494794382
HAIR PRODUCTS,235,0.0,0.0707234042553191,0.0,0.0,2.045217214097496
HAND WASH,96,0.0,0.1862239583333333,0.0,0.0,0.8354929895887641
HARDWARE,66,0.0,0.073030303030303,0.0,0.0,0.5744014303422754
HEATERS,7,0.0,0.0185714285714285,0.0,0.0,0.0609213638241807
HERBAL TEAS,152,0.0,0.1349342105263158,0.0,0.0,1.32286390018221
HOME APPLIANCES ELEC,11,0.0,0.0356818181818181,0.0,0.0,0.0957335717237125
HOME AUDIO/THEATERS,1,0.0,0.01,0.0,0.0,0.0087030519748829
HONEY,93,0.0,0.1241935483870967,0.0,0.0,0.8093838336641153
HOT SAUCE,145,0.0,0.1276034482758621,0.0,0.0,1.2619425363580292
HOUSEHOLD ITEMS,967,0.0,0.0595320579110651,0.0,0.0,8.415851259711822
ICE CUBE/BLOCK,5,40.0,1.761,584800.0,0.0023387395434392,0.0435152598744148
ICE-CREAM,375,0.5514627138560769,0.2331066666666666,409250.0,0.0016366777670186,3.2636444905811097
INCENSE STICKS,188,0.0,0.051156914893617,0.0,0.0,1.6361737712779965
INDIAN FOOD/SNACKS/SWEETS,280,0.6794926068331957,0.0766235714285714,526633.95,0.0021061211418991,2.4368545529672287
JAMS,13,0.0,0.0538461538461538,0.0,0.0,0.1131396756734784
MARGARINE,33,27.61783673825336,0.675530303030303,1788148.72,0.0071511869374389,0.2872007151711377
MAYONNAISE,72,0.0,0.1024305555555555,0.0,0.0,0.6266197421915731
MEDICARE,284,0.1584507042253521,0.0976320422535211,68040.0,0.0002721064270444,2.4716667608667606
MEN DEO/COLOGNE,55,0.0,0.1094090909090909,0.0,0.0,0.4786678586185628
MENS CREAM,7,0.0,0.0349999999999999,0.0,0.0,0.0609213638241807
MENS DEO STICK,30,0.0,0.046,0.0,0.0,0.2610915592464887
MENS LOTION,19,0.0,0.1092105263157894,0.0,0.0,0.1653579875227762
MENS ROLL ON,37,0.0,0.1372972972972973,0.0,0.0,0.3220129230706695
MENS SHOWER GEL,65,0.0,0.0511923076923077,0.0,0.0,0.5656983783673923
MEXICAN FOOD,82,11.641146503944576,0.6091158536585366,2024828.0,0.0080977177022281,0.7136502619404027
MICROWAVE,7,0.0,0.0185714285714285,0.0,0.0,0.0609213638241807
MILK POWDER,18,0.0,0.1240277777777777,0.0,0.0,0.1566549355478932
MILK SHAKE,44,3.119061927123545,0.7648863636363636,231250.0,0.0009248179196654,0.3829342868948502
MINERAL WATER,159,33.934235701353096,2.3719654088050315,27016716.03,0.1080455918488891,1.3837852640063906
MISC. DEPARTMENT,7,27.06586882774218,1.4707142857142856,861669.0,0.003445997543871,0.0609213638241807
MIX SAUCE,64,0.0,0.0616796875,0.0,0.0,0.5569953263925095
MIXER/BLENDERS/CHOPPERS/JUICE EXT.,20,0.0,0.01825,0.0,0.0,0.1740610394976592
MOUTH WASH,21,0.0,0.0788095238095238,0.0,0.0,0.1827640914725421
MUESLI,17,0.0,0.1410294117647058,0.0,0.0,0.1479518835730103
MUESLI/GRANOLA,46,0.0,0.0765217391304347,0.0,0.0,0.4003403908446161
MUKHUWAS(MOUTH FRESHNER),10,0.0,0.0794999999999999,0.0,0.0,0.0870305197488296
MUSTARD,37,0.0,0.0774324324324324,0.0,0.0,0.3220129230706695
NON ALC SPARKLING JUICE,11,0.0,0.0545454545454545,0.0,0.0,0.0957335717237125
NOODLES,139,1.2919093658354304,0.3051978417266187,506077.02,0.0020239096078999,1.2097242245087314
OATS,54,0.0,0.1691666666666666,0.0,0.0,0.4699648066436798
OLIVE OIL,61,0.0,0.1417213114754098,0.0,0.0,0.5308861704678606
OLIVES,73,0.0,0.0663835616438356,0.0,0.0,0.635322794166456
PAPADUM,16,0.0,0.0971875,0.0,0.0,0.1392488315981273
PARTY ITEMS,261,0.0,0.0918869731800766,0.0,0.0,2.271496565444453
PASTA,234,0.7089160839160839,0.1799145299145299,291960.0,0.0011676101181643,2.0365141621226126
PASTA /PIZZA SAUCE,102,0.0,0.0776225490196078,0.0,0.0,0.887711301438062
PEANUT BUTTER,53,0.0,0.1603301886792452,0.0,0.0,0.4612617546687969
PENS/PENCIL/MARKERS,1,0.0,0.4125,0.0,0.0,0.0087030519748829
PENS/PENCILS/MARKERS,194,0.1051724538561038,0.2090077319587628,27157.0,0.0001086066172728,1.6883920831272945
PET ASSESORIES,139,0.0,0.0474820143884892,0.0,0.0,1.2097242245087314
PET BIRD FOOD/PARROT,3,0.0,0.2433333333333333,0.0,0.0,0.0261091559246488
PET CAT FOOD,299,3.173951127245797,0.1996321070234113,1583442.0,0.0063325212382738,2.602212540490005
PET DOG FOOD,323,0.0,0.0836455108359133,0.0,0.0,2.811085787887196
PET FISH FOOD,5,0.0,0.0195,0.0,0.0,0.0435152598744148
PETROLIUM JELLY,28,0.0,0.4351785714285714,0.0,0.0,0.2436854552967228
PICKLES,52,0.0,0.0467307692307692,0.0,0.0,0.4525587026939139
PLANT BASED,48,0.0,0.1485416666666666,0.0,0.0,0.417746494794382
PLASTIC WARE,169,0.0,0.1317159763313609,0.0,0.0,1.4708157837552205
PLASTIC/REFUSE BAGS,29,0.0,0.3087068965517242,0.0,0.0,0.2523885072716058
POLISHES,18,0.0,0.1158333333333333,0.0,0.0,0.1566549355478932
PREMIX FOODS,1,0.0,0.02,0.0,0.0,0.0087030519748829
PUDDINGS,43,0.0,0.1044186046511628,0.0,0.0,0.3742312349199672
READY TO DRINK,217,4.808861961521172,0.4281912442396313,2490554.04,0.0099602551614576,1.888562278549602
READY TO EAT FOOD,11,0.0,0.031590909090909,0.0,0.0,0.0957335717237125
READY TO EAT NUTS,152,1.243421052631579,0.5125657894736841,946357.0,0.0037846828627061,1.32286390018221
RICE,138,14.448037779450429,0.2407971014492753,3624004.0,0.0144931625519529,1.2010211725338484
RICE CAKES,12,0.0,0.561875,0.0,0.0,0.1044366236985955
RICE COOKERS,2,0.0,0.01375,0.0,0.0,0.0174061039497659
ROLLING PAPERS/SHISHA &ASST,9,0.0,0.3341666666666666,0.0,0.0,0.0783274677739466
SAFARICOM/AIRTEL/TELCOM TOP UP,10,0.0,0.2625,0.0,0.0,0.0870305197488296
SALAD DRESSING,37,0.0,0.0670945945945945,0.0,0.0,0.3220129230706695
SALT,117,1.2018494007797431,0.3632905982905983,376976.0,0.0015076071787406,1.0182570810613063
SANITARY TOWELS,100,1.967287784679089,0.3933,285060.0,0.0011400155510478,0.8703051974882959
SCOORING PAD,117,0.0,0.313568376068376,0.0,0.0,1.0182570810613063
SCOURING POWDER,34,0.0,0.3413235294117647,0.0,0.0,0.2959037671460206
SEASON CUBES,22,23.891571070732724,1.481818181818182,1546350.0,0.0061841824435658,0.1914671434474251
SEED OIL,21,0.0,0.0772619047619047,0.0,0.0,0.1827640914725421
SERVIETES,84,8.261847069645528,0.5716666666666667,1247750.0,0.0049900175535676,0.7310563658901686
SHAMPOOS/CONDITIONER,354,0.0,0.0363841807909604,0.0,0.0,3.080880399108568
SHAVING PRODUCT,97,0.0,0.0835824742268041,0.0,0.0,0.8441960415636471
SHOE POLISH,32,0.0,0.043125,0.0,0.0,0.2784976631962547
SNACKS,197,1.5089262710146,0.4576649746192893,677070.0,0.0027077468924015,1.714501239051943
SODA,156,13.228477430241956,1.6221634615384617,7952164.19,0.0318023954293342,1.3576761080817417
SOUPS,51,0.0,0.0981372549019607,0.0,0.0,0.443855650719031
SOY SAUCE,53,0.0,0.1375471698113207,0.0,0.0,0.4612617546687969
SOYA & OTHER MILK,47,0.0,0.2906382978723404,0.0,0.0,0.4090434428194991
SPICES,448,0.0,0.1583754464285714,0.0,0.0,3.898967284747566
SPIRITS,438,0.5786505208243362,0.1391666666666666,401970.0,0.0016075634991044,3.811936764998737
SPORTS ITEMS,4,0.0,0.023125,0.0,0.0,0.0348122078995318
STATIONARIES,300,0.1666666666666666,0.1167666666666666,80950.0,0.0003237362620407,2.610915592464888
STERILISING FLUID,10,0.0,0.089,0.0,0.0,0.0870305197488296
SUGAR,42,35.13570939009134,1.5555357142857142,9085967.0,0.0363367139420044,0.3655281829450843
SUN CREAM,21,0.0,0.0402380952380952,0.0,0.0,0.1827640914725421
SWEETENER,22,0.0,0.0552272727272727,0.0,0.0,0.1914671434474251
SWEETS,693,0.1219488038649088,0.1621248196248196,205313.0,0.0008210903417957,6.031215018593891
SWICH/TOASTERS/WAFFLES MAKERS,10,0.0,0.0195,0.0,0.0,0.0870305197488296
TEA,184,2.1555372529648995,0.3343885869565217,700460.0,0.0028012884757138,1.6013615633784646
TETRA PACK JUICE,177,10.646815531279085,0.8970197740112995,4886813.19,0.0195434050082995,1.5404401995542838
TISSUE PAPER,59,0.0,0.5740677966101695,0.0,0.0,0.5134800665180946
TOILET CLEANER,161,0.0,0.1509316770186335,0.0,0.0,1.4011913679561565
TOILET ROLL,74,53.0251610458529,0.9491554054054052,7797068.0,0.0311821327881068,0.6440258461413391
TOMATO/KETCHUP SAUCE,81,0.0,0.2656172839506173,0.0,0.0,0.7049472099655197
TOOTHBRUSHES,75,0.0,0.1343666666666666,0.0,0.0,0.6527288981162219
TOOTHPASTES,121,0.0,0.2175413223140495,0.0,0.0,1.0530692889608382
TOYS,315,0.0,0.0201666666666666,0.0,0.0,2.7414613720881325
UNIFORMS&TOWELS,69,0.0,0.1768478260869565,0.0,0.0,0.6005105862669242
UNISEX DEO SPRAY,29,0.0,0.0689655172413793,0.0,0.0,0.2523885072716058
UNISEX DEO STICK,12,0.0,0.043125,0.0,0.0,0.1044366236985955
UNISEX ROLL ON,16,0.0,0.10390625,0.0,0.0,0.1392488315981273
VALENTINE ITEMS,21,0.0,0.1245238095238095,0.0,0.0,0.1827640914725421
VINEGAR,61,0.0,0.1526639344262295,0.0,0.0,0.5308861704678606
VITAMIN SUPPLEMENTS,41,0.0,0.0311585365853658,0.0,0.0,0.3568251309702013
WASHING UP LIQUID,77,0.0,0.2463636363636363,0.0,0.0,0.6701350020659879
WATER DISPENSERS/PURIFIERS,3,0.0,0.0116666666666666,0.0,0.0,0.0261091559246488
WINES,916,0.0,0.0525955240174672,0.0,0.0,7.971995608992791
WIPES,62,2.890517751803688,0.4281451612903226,263621.0,0.001054276431568,0.5395892224427435
WOMEN DEO STICK,14,0.0,0.0253571428571428,0.0,0.0,0.1218427276483614
WOMEN DEO/PERFUME,28,0.0,0.0519642857142857,0.0,0.0,0.2436854552967228
WOMEN ROLL ON,21,0.0,0.1916666666666666,0.0,0.0,0.1827640914725421
WOMEN/UNISEX CREAM,79,0.0,0.0462025316455696,0.0,0.0,0.6875411060157538
WOMEN/UNISEX LOTION,239,0.0,0.0820188284518828,0.0,0.0,2.080029421997028
WOMEN/UNISEX SHOWER GEL,213,0.0,0.0647535211267605,0.0,0.0,1.8537500706500705
XMAS ITEMS,24,0.0,0.0373958333333333,0.0,0.0,0.208873247397191
YOGHURT,364,10.433515504661989,0.9162637362637364,9940347.1,0.0397535616249688,3.1679109188573973
electrical items,2,0.0,0.02625,0.0,0.0,0.0174061039497659
frozen,1,0.0,0.0325,0.0,0.0,0.0087030519748829
online,1,0.0,0.0225,0.0,0.0,0.0087030519748829
sweets,1,0.0,0.0375,0.0,0.0,0.0087030519748829
